51°32′46″N,51.54613292,0°02′50″W,-0.04713457,4.3822,52.258°
51°31′16″N,51.52118941,0°03′31″W,-0.05869757,3.1206,72.125°
51°29′27″N,51.49087604,0°09′16″W,-0.15446918,1.6178,225.276°
51°32′28″N,51.54106208,0°11′36″W,-0.19326893,3.6558,309.619°
51°30′40″N,51.51109695,0°01′30″W,-0.02505559,4.4255,86.606°
51°27′20″N,51.45555954,0°04′42″W,-0.07829396,4.1649,149.237°
51°28′16″N,51.47109324,0°08′31″W,-0.14206607,2.5805,193.81°
51°30′53″N,51.51471543,0°01′49″W,-0.03019787,4.2273,83.046°
51°31′15″N,51.52084667,0°03′27″W,-0.05752422,3.1617,72.813°
51°30′25″N,51.50686846,0°13′48″W,-0.22988697,4.3936,269.605°
51°26′32″N,51.44219179,0°09′47″W,-0.16313917,4.7541,198.7°
51°33′30″N,51.55830568,0°11′08″W,-0.18559698,4.3113,324.796°
51°31′55″N,51.53203441,0°01′10″W,-0.0193254,4.9657,69.863°
51°30′41″N,51.51127885,0°10′44″W,-0.17885733,2.2148,277.061°
51°29′52″N,51.49767644,0°05′57″W,-0.09926594,1.3963,118.6°
51°26′42″N,51.44493688,0°08′53″W,-0.14815178,4.4022,191.511°
51°29′09″N,51.48588748,0°02′46″W,-0.04615344,3.8119,112.871°
51°33′38″N,51.56055168,0°03′06″W,-0.05177693,4.9185,41.589°
51°26′31″N,51.44204856,0°05′42″W,-0.09506283,4.7278,162.667°
51°32′27″N,51.54095571,0°01′34″W,-0.02611522,4.9497,61.975°
51°31′40″N,51.52777043,0°09′12″W,-0.15330389,1.7886,322.11°
51°30′14″N,51.50392934,0°03′57″W,-0.06592733,2.6705,95.056°
51°27′36″N,51.45999757,0°11′12″W,-0.18661539,4.1387,217.764°
51°32′24″N,51.5400277,0°10′12″W,-0.16994227,2.8968,321.245°
51°29′31″N,51.4918945,0°14′01″W,-0.23352905,4.6746,256.831°
51°30′15″N,51.50413713,0°06′57″W,-0.11589756,0.5565,113.52°
51°30′27″N,51.50749344,0°11′19″W,-0.18869278,2.6213,270.239°
51°32′59″N,51.54974041,0°05′55″W,-0.09874574,3.1843,23.053°
51°29′53″N,51.4981275,0°02′49″W,-0.04707934,3.5291,100.375°
51°30′27″N,51.50759696,0°09′19″W,-0.15526189,1.1833,270.834°
51°30′18″N,51.50494071,0°06′00″W,-0.10005604,1.2033,97.946°
51°31′03″N,51.51763662,0°03′46″W,-0.06268256,2.888,75.724°
51°33′24″N,51.5565336,0°09′54″W,-0.16511206,3.7596,334.726°
51°30′38″N,51.51060899,0°09′31″W,-0.1584737,1.3403,279.684°
51°32′05″N,51.53465002,0°05′08″W,-0.08556688,2.6177,43.864°
51°27′04″N,51.45112737,0°11′18″W,-0.18838185,4.6809,213.907°
51°31′15″N,51.520719,0°04′22″W,-0.07289954,2.5341,68.595°
51°29′33″N,51.49239458,0°12′05″W,-0.20134739,3.3307,251.948°
51°28′55″N,51.4820741,0°10′44″W,-0.17891238,2.8102,231.582°
51°31′56″N,51.53219412,0°11′32″W,-0.19227038,3.2628,301.778°
51°34′21″N,51.57263811,0°09′33″W,-0.15927818,4.7114,343.298°
51°29′21″N,51.48928065,0°12′51″W,-0.21426788,3.9262,251.486°
51°28′21″N,51.47238077,0°08′39″W,-0.14420895,2.5185,196.332°
51°34′41″N,51.57809749,0°08′56″W,-0.14894964,4.9738,349.455°
51°31′09″N,51.51917188,0°06′37″W,-0.11017538,1.1133,42.783°
51°30′52″N,51.51454272,0°13′06″W,-0.21831231,3.9268,277.308°
51°32′45″N,51.54576224,0°11′26″W,-0.19059123,3.7879,314.522°
51°29′08″N,51.48566488,0°05′23″W,-0.08960091,2.2231,132.378°
51°32′14″N,51.53732765,0°02′08″W,-0.03567563,4.4692,62.345°
51°30′33″N,51.50912699,0°12′39″W,-0.21078966,3.5739,272.001°
51°27′37″N,51.46016886,0°03′30″W,-0.05830963,4.4237,137.464°
51°34′03″N,51.5674204,0°06′30″W,-0.1083583,4.2347,11.351°
51°28′35″N,51.47636495,0°03′14″W,-0.05395599,3.8306,123.964°
51°29′34″N,51.4928083,0°12′01″W,-0.20014263,3.2726,252.142°
51°27′37″N,51.46021498,0°02′39″W,-0.04429592,4.8496,132.172°
51°29′29″N,51.49136766,0°01′32″W,-0.02543792,4.539,104.046°
51°28′59″N,51.48302967,0°05′38″W,-0.09383867,2.2262,139.02°
51°33′04″N,51.55116247,0°06′09″W,-0.1024032,3.2184,19.791°
51°31′41″N,51.52794977,0°07′50″W,-0.13067625,1.4292,354.964°
51°28′19″N,51.47191901,0°12′36″W,-0.21001394,4.3044,235.357°
51°28′42″N,51.47843389,0°03′19″W,-0.05540948,3.6997,122.67°
51°34′13″N,51.57034874,0°08′15″W,-0.13744801,4.374,354.539°
51°32′28″N,51.54106281,0°11′10″W,-0.18623943,3.4283,312.838°
51°28′44″N,51.47891225,0°01′19″W,-0.02195883,4.959,113.31°
51°29′33″N,51.49247399,0°09′09″W,-0.15251353,1.4804,226.019°
51°27′20″N,51.45560861,0°04′53″W,-0.0814387,4.0944,150.842°
51°27′09″N,51.45247789,0°08′37″W,-0.14354223,3.853,190.163°
51°31′13″N,51.52018398,0°05′30″W,-0.09165815,1.7882,60.25°
51°30′26″N,51.5072954,0°02′42″W,-0.04498958,3.5606,90.029°
51°30′44″N,51.51218445,0°06′57″W,-0.11576918,0.6145,57.061°
51°27′46″N,51.46289378,0°11′12″W,-0.18654142,3.9803,219.491°
51°34′38″N,51.57721253,0°09′14″W,-0.15387706,4.9574,346.92°
51°32′34″N,51.54270154,0°01′48″W,-0.03010125,4.8585,59.77°
51°27′48″N,51.46341611,0°04′57″W,-0.08236856,3.6107,147.228°
51°29′44″N,51.49549634,0°12′36″W,-0.20990431,3.628,256.98°
51°28′44″N,51.47875312,0°04′38″W,-0.07729546,2.9364,132.289°
51°32′30″N,51.54155648,0°10′54″W,-0.18154882,3.3075,315.646°
51°33′40″N,51.56122081,0°07′12″W,-0.12000544,3.7382,5.113°
51°30′09″N,51.5024639,0°08′15″W,-0.13752916,0.5392,231.221°
51°32′12″N,51.5366736,0°06′40″W,-0.11124406,2.1475,19.305°
51°33′42″N,51.5616969,0°11′07″W,-0.18519435,4.4952,326.701°
51°31′39″N,51.52752879,0°12′02″W,-0.20050451,3.4255,294.053°
51°29′36″N,51.49320925,0°09′12″W,-0.15337983,1.4733,228.448°
51°32′39″N,51.54407326,0°08′29″W,-0.14147343,2.6057,346.924°
51°29′53″N,51.49813766,0°08′16″W,-0.13773682,0.768,213.991°
51°31′39″N,51.52761522,0°05′49″W,-0.09688719,1.9299,43.458°
51°29′38″N,51.49391095,0°12′20″W,-0.2056193,3.4764,254.532°
51°33′54″N,51.56508604,0°11′17″W,-0.1881328,4.7603,326.981°
51°32′10″N,51.53624523,0°03′26″W,-0.05725152,3.6307,56.602°
51°34′38″N,51.5772843,0°07′09″W,-0.11915278,4.8477,4.373°
51°32′37″N,51.54351291,0°07′26″W,-0.12398983,2.5046,3.708°
51°29′47″N,51.49633006,0°13′42″W,-0.22834273,4.3941,260.057°
51°27′47″N,51.46314552,0°09′55″W,-0.16523312,3.4549,207.844°
51°33′05″N,51.55128434,0°09′14″W,-0.15382846,3.2368,339.748°
51°33′53″N,51.56471635,0°10′13″W,-0.1703166,4.3667,335.245°
51°32′38″N,51.54398379,0°07′08″W,-0.11895137,2.5601,8.503°
51°32′37″N,51.54361982,0°01′50″W,-0.03045555,4.8776,59.036°
51°34′18″N,51.57177216,0°10′17″W,-0.17129549,4.8299,337.218°
51°29′19″N,51.48874784,0°08′21″W,-0.13910985,1.3754,200.805°
51°28′29″N,51.47479382,0°01′54″W,-0.03177587,4.7037,118.543°
51°32′26″N,51.54067437,0°06′23″W,-0.10636674,2.4801,21.764°
51°28′24″N,51.47331647,0°12′59″W,-0.21629581,4.4778,238.344°
51°31′45″N,51.52930013,0°10′14″W,-0.17051687,2.384,309.537°
51°33′43″N,51.56182306,0°08′10″W,-0.13612683,3.7821,354.544°
51°30′18″N,51.50501513,0°01′52″W,-0.03113788,4.1597,92.186°
51°32′03″N,51.53408155,0°09′14″W,-0.15376622,2.1597,328.819°
51°30′01″N,51.50041271,0°04′29″W,-0.07465425,2.3344,101.833°
51°28′46″N,51.47943529,0°08′24″W,-0.13986827,1.9986,195.119°
51°28′57″N,51.48254186,0°09′09″W,-0.15253927,2.0192,211.886°
51°26′33″N,51.44253674,0°06′48″W,-0.11342318,4.522,172.151°
51°31′12″N,51.51998303,0°06′03″W,-0.10078859,1.4519,53.023°
51°28′04″N,51.46778834,0°05′02″W,-0.0837583,3.3261,145.279°
51°30′13″N,51.50349531,0°05′21″W,-0.08905796,1.6861,99.078°
51°30′39″N,51.51076672,0°06′40″W,-0.11106014,0.7561,71.799°
51°29′46″N,51.49612379,0°13′42″W,-0.22826076,4.3931,259.866°
51°29′39″N,51.4941976,0°05′34″W,-0.09282506,1.7566,121.154°
51°28′02″N,51.46719652,0°03′13″W,-0.05350358,4.2326,130.943°
51°31′04″N,51.51764128,0°05′17″W,-0.08812956,1.847,67.336°
51°28′40″N,51.47777674,0°04′14″W,-0.07060768,3.1979,129.709°
51°32′06″N,51.53493278,0°08′11″W,-0.13628637,1.9413,349.113°
51°33′02″N,51.55053268,0°03′13″W,-0.0537267,4.3636,46.816°
51°33′43″N,51.56198631,0°10′36″W,-0.17674502,4.3238,330.87°
51°28′19″N,51.4719701,0°01′37″W,-0.02704409,4.9765,119.392°
51°28′27″N,51.47404236,0°12′15″W,-0.20403203,4.0092,234.985°
51°31′31″N,51.52539443,0°01′37″W,-0.02705521,4.5072,73.898°
51°29′56″N,51.49887419,0°05′49″W,-0.09704886,1.4453,113.902°
51°27′41″N,51.46130503,0°10′21″W,-0.17236358,3.7167,211.118°
51°28′24″N,51.47333296,0°10′41″W,-0.17809891,3.1971,222.677°
51°28′33″N,51.47580722,0°03′51″W,-0.06429991,3.4944,128.577°
51°27′36″N,51.46005368,0°05′48″W,-0.09675169,3.5309,157.78°
51°31′29″N,51.52471843,0°11′03″W,-0.18416977,2.707,296.345°
51°30′44″N,51.51214813,0°08′55″W,-0.14868504,0.9593,290.228°
51°30′25″N,51.50694191,0°12′32″W,-0.208875,3.4897,269.568°
51°28′08″N,51.46881842,0°02′12″W,-0.03656428,4.743,124.124°
51°33′01″N,51.55036425,0°03′10″W,-0.05290021,4.3816,47.245°
51°31′49″N,51.53016916,0°09′58″W,-0.16615838,2.2836,313.695°
51°34′14″N,51.57051226,0°05′51″W,-0.09754175,4.5546,16.559°
51°27′48″N,51.46346141,0°05′58″W,-0.09936328,3.2704,158.046°
51°27′53″N,51.46464319,0°10′11″W,-0.16975172,3.4612,211.495°
51°31′50″N,51.5306774,0°04′03″W,-0.06760744,3.0482,58.045°
51°27′57″N,51.46572071,0°02′04″W,-0.03435473,4.9436,125.557°
51°31′13″N,51.52022766,0°03′55″W,-0.06539675,2.8261,71.62°
51°31′05″N,51.51813124,0°06′30″W,-0.10842082,1.1167,48.139°
51°26′26″N,51.44057475,0°08′02″W,-0.13401055,4.6231,183.34°
51°33′28″N,51.55766017,0°06′38″W,-0.11047398,3.5557,12.057°
51°27′17″N,51.4546131,0°04′27″W,-0.07425772,4.3115,147.695°
51°28′39″N,51.47748978,0°09′36″W,-0.16003905,2.4878,213.956°
51°33′41″N,51.56143954,0°07′52″W,-0.13121357,3.7413,357.726°
51°32′28″N,51.54110226,0°13′46″W,-0.22933661,4.952,298.144°
51°32′19″N,51.53872041,0°07′53″W,-0.13129261,2.1735,355.991°
51°28′27″N,51.47408739,0°07′08″W,-0.11883937,2.3309,170.518°
51°28′21″N,51.47263319,0°01′49″W,-0.0302599,4.8335,119.726°
51°33′10″N,51.55286123,0°06′51″W,-0.11408281,3.2,10.583°
51°29′43″N,51.49518097,0°00′50″W,-0.01402751,4.965,99.709°
51°26′46″N,51.44611239,0°04′40″W,-0.0778534,4.7465,153.07°
51°32′05″N,51.5347807,0°10′52″W,-0.18111105,2.9764,309.586°
51°31′35″N,51.52631271,0°06′50″W,-0.11379341,1.4416,24.616°
51°33′43″N,51.56188277,0°11′09″W,-0.18582608,4.5209,326.503°
51°27′11″N,51.45296493,0°07′19″W,-0.12187837,3.7675,176.146°
51°31′03″N,51.51743069,0°08′11″W,-0.13627743,0.7872,332.26°
51°26′53″N,51.44811123,0°07′50″W,-0.13064693,4.0963,181.741°
51°31′55″N,51.53191392,0°07′07″W,-0.11874592,1.7414,12.857°
51°28′08″N,51.46891764,0°02′38″W,-0.04377981,4.4854,126.282°
51°29′48″N,51.49664203,0°01′16″W,-0.0212172,4.6432,99.131°
51°33′30″N,51.5584042,0°02′49″W,-0.04702466,4.9497,44.498°
51°31′38″N,51.52725058,0°02′07″W,-0.03524446,4.21,70.895°
51°34′25″N,51.57371931,0°07′37″W,-0.12699857,4.5872,0.408°
51°27′56″N,51.46554487,0°04′08″W,-0.0689548,3.8411,138.763°
51°33′47″N,51.5629885,0°07′34″W,-0.1262024,3.846,0.996°
51°27′41″N,51.46128627,0°12′51″W,-0.21417087,4.8959,229.469°
51°26′56″N,51.44888055,0°06′28″W,-0.10771256,4.1323,167.939°
51°29′49″N,51.49697906,0°08′27″W,-0.14085514,0.9118,218.174°
51°30′20″N,51.50555704,0°13′52″W,-0.23102223,4.4441,268.442°
51°32′44″N,51.54558568,0°11′31″W,-0.19198133,3.8223,313.764°
51°29′31″N,51.49193908,0°04′38″W,-0.07721331,2.4216,116.076°
51°28′50″N,51.48068478,0°05′10″W,-0.0860197,2.5735,135.723°
51°31′03″N,51.51736235,0°03′35″W,-0.05958902,3.0128,76.696°
51°34′45″N,51.57925929,0°07′08″W,-0.11885912,4.9847,4.398°
51°31′02″N,51.51730171,0°11′47″W,-0.19626125,3.0258,283.165°
51°29′38″N,51.49388836,0°01′39″W,-0.02752144,4.4119,102.136°
51°31′57″N,51.53245372,0°03′41″W,-0.06148314,3.3368,58.645°
51°33′18″N,51.55501355,0°02′29″W,-0.04140668,4.9636,48.385°
51°31′01″N,51.51696101,0°12′28″W,-0.20786455,3.5091,280.942°
51°32′58″N,51.5493489,0°09′18″W,-0.1548709,3.1281,338.129°
51°33′18″N,51.55502374,0°04′52″W,-0.08100811,3.8597,31.367°
51°30′03″N,51.50089186,0°05′51″W,-0.09741778,1.3795,108.869°
51°27′18″N,51.45494134,0°06′42″W,-0.11156482,3.6888,169.102°
51°28′02″N,51.46735797,0°08′29″W,-0.1415256,2.8269,192.104°
51°29′01″N,51.48352146,0°09′22″W,-0.15619963,2.0519,216.626°
51°32′22″N,51.5393639,0°06′08″W,-0.1021126,2.4722,26.484°
51°32′26″N,51.54066963,0°04′38″W,-0.0771817,3.1676,43.344°
51°28′41″N,51.47800692,0°02′13″W,-0.03694643,4.4028,117.393°
51°32′04″N,51.53443358,0°11′30″W,-0.19158418,3.3224,304.317°
51°29′01″N,51.48360466,0°10′29″W,-0.17469399,2.6024,230.92°
51°28′56″N,51.48222455,0°07′14″W,-0.12060359,1.7637,169.944°
51°32′38″N,51.54388445,0°06′14″W,-0.10396749,2.7244,22.046°
51°29′42″N,51.49509601,0°09′48″W,-0.1632682,1.7469,241.01°
51°30′07″N,51.50185752,0°02′54″W,-0.04844322,3.4333,96.318°
51°30′44″N,51.5121294,0°08′19″W,-0.13861202,0.5719,305.279°
51°32′47″N,51.54635515,0°07′03″W,-0.11759451,2.731,9.205°
51°32′28″N,51.54117805,0°13′26″W,-0.22382641,4.7469,299.545°
51°32′12″N,51.53666754,0°04′54″W,-0.08163105,2.8356,44.374°
51°33′08″N,51.55234678,0°05′35″W,-0.09318405,3.447,25.535°
51°33′47″N,51.56307354,0°11′20″W,-0.18890852,4.6631,325.706°
51°32′28″N,51.5411696,0°10′46″W,-0.17931793,3.2217,316.532°
51°30′26″N,51.50726651,0°14′05″W,-0.23469151,4.6001,269.969°
51°30′06″N,51.50166165,0°09′35″W,-0.15979788,1.4334,254.09°
51°32′52″N,51.54769268,0°04′32″W,-0.07566826,3.5765,38.755°
51°31′25″N,51.52369005,0°08′56″W,-0.14884571,1.4484,321.239°
51°28′09″N,51.46921861,0°11′10″W,-0.18606421,3.6391,223.617°
51°32′44″N,51.5455274,0°03′55″W,-0.06535656,3.7633,45.457°
51°32′52″N,51.54771698,0°12′14″W,-0.20393177,4.3026,310.453°
51°29′39″N,51.49428146,0°02′09″W,-0.03588154,4.0549,102.836°
51°29′41″N,51.49472712,0°11′37″W,-0.19364056,2.9658,252.917°
51°33′43″N,51.56184664,0°03′09″W,-0.05250783,4.9652,40.631°
51°30′27″N,51.50745778,0°08′51″W,-0.14754791,0.8514,270.505°
51°32′07″N,51.53518263,0°12′03″W,-0.20087634,3.6862,301.485°
51°29′24″N,51.49006126,0°11′22″W,-0.18946955,2.9118,245.794°
51°32′09″N,51.53586902,0°07′58″W,-0.13274221,1.9827,353.796°
51°30′28″N,51.50790979,0°10′28″W,-0.17456072,2.0137,271.117°
51°31′58″N,51.53287867,0°11′17″W,-0.1880174,3.1351,304.271°
51°28′38″N,51.47733397,0°13′06″W,-0.21846042,4.4203,242.044°
51°30′34″N,51.50955511,0°11′56″W,-0.19882301,3.0608,272.881°
51°26′40″N,51.44436262,0°08′12″W,-0.13656506,4.37,184.98°
51°32′34″N,51.54265449,0°10′59″W,-0.18316439,3.4104,315.704°
51°30′54″N,51.51488695,0°12′59″W,-0.21643293,3.8498,277.811°
51°33′41″N,51.56137094,0°06′11″W,-0.10301212,3.8823,15.895°
51°30′01″N,51.50027528,0°09′28″W,-0.15779489,1.3817,249.283°
51°34′04″N,51.56768203,0°09′44″W,-0.16227383,4.426,340.425°
51°33′39″N,51.56088234,0°10′25″W,-0.17349987,4.1901,332.026°
51°29′53″N,51.49817543,0°06′55″W,-0.11529759,0.8304,139.786°
51°30′31″N,51.50853641,0°01′07″W,-0.01851897,4.7,88.958°
51°31′50″N,51.53042443,0°03′26″W,-0.05710505,3.4317,62.281°
51°31′05″N,51.51807793,0°05′29″W,-0.09149423,1.7271,64.564°
51°31′19″N,51.52198979,0°03′06″W,-0.0515446,3.4307,72.817°
51°27′40″N,51.46103062,0°11′58″W,-0.19952801,4.4488,224.004°
51°27′48″N,51.46333322,0°02′36″W,-0.04346662,4.7347,129.95°
51°31′05″N,51.5180978,0°11′54″W,-0.19826861,3.1225,283.789°
51°31′15″N,51.52085687,0°05′19″W,-0.08859213,1.926,60.993°
51°31′15″N,51.52093888,0°13′09″W,-0.21915167,4.0417,283.472°
51°32′25″N,51.54034277,0°09′19″W,-0.15530103,2.5695,332.562°
51°27′31″N,51.45849489,0°03′11″W,-0.05316617,4.6594,136.416°
51°29′52″N,51.49777746,0°10′36″W,-0.17654218,2.2007,252.521°
51°30′48″N,51.51337218,0°05′11″W,-0.08627738,1.8322,76.855°
51°29′02″N,51.48398484,0°05′42″W,-0.09486729,2.1474,138.757°
51°31′11″N,51.51966487,0°04′44″W,-0.07899555,2.2635,67.895°
51°28′34″N,51.47603319,0°08′49″W,-0.14692164,2.3163,200.864°
51°30′35″N,51.50971828,0°00′52″W,-0.0145649,4.8721,88.031°
51°26′55″N,51.44867049,0°03′37″W,-0.06036673,4.9865,144.399°
51°33′51″N,51.56421807,0°11′49″W,-0.19695546,4.9293,322.905°
51°32′19″N,51.53856607,0°04′22″W,-0.07284295,3.1987,47.565°
51°29′21″N,51.48905684,0°07′18″W,-0.12172931,1.2907,168.404°
51°27′00″N,51.45000037,0°11′46″W,-0.1959775,4.9331,216.559°
51°32′12″N,51.53654769,0°07′23″W,-0.12299578,2.0283,5.793°
51°29′55″N,51.49850627,0°08′01″W,-0.13363811,0.6616,202.483°
51°29′19″N,51.48862117,0°13′33″W,-0.22583328,4.414,252.984°
51°31′15″N,51.52083256,0°11′55″W,-0.19850683,3.1825,287.052°
51°30′41″N,51.51147113,0°12′55″W,-0.21537154,3.7796,274.355°
51°27′31″N,51.45850846,0°05′32″W,-0.09229353,3.7049,155.655°
51°29′21″N,51.48915188,0°13′48″W,-0.22997932,4.5746,254.08°
51°32′12″N,51.53659588,0°07′08″W,-0.11899822,2.0561,10.554°
51°28′54″N,51.48152935,0°12′10″W,-0.20278289,3.6888,241.095°
51°32′17″N,51.53811685,0°01′24″W,-0.02320389,4.9738,64.648°
51°33′25″N,51.55698943,0°11′53″W,-0.19812308,4.5742,318.621°
51°27′28″N,51.4578284,0°11′34″W,-0.19275383,4.4206,219.286°
51°33′42″N,51.56152928,0°07′01″W,-0.11707233,3.7727,6.99°
51°29′47″N,51.49633452,0°09′39″W,-0.16082632,1.6137,241.858°
51°33′40″N,51.56115134,0°11′22″W,-0.18944612,4.5674,324.526°
51°29′07″N,51.48515048,0°12′16″W,-0.20452668,3.6423,245.115°
51°29′56″N,51.49890477,0°09′40″W,-0.16102138,1.5456,247.821°
51°27′10″N,51.45269414,0°06′19″W,-0.10535806,3.8988,165.673°
51°28′08″N,51.4689725,0°09′58″W,-0.16598576,3.1213,211.823°
51°32′51″N,51.547395,0°12′50″W,-0.21380511,4.6206,306.831°
51°29′01″N,51.4837302,0°07′08″W,-0.11892567,1.6762,166.891°
51°31′37″N,51.52703566,0°11′11″W,-0.18647104,2.8684,298.338°
51°30′36″N,51.50986255,0°13′14″W,-0.22056057,3.9959,272.526°
51°27′36″N,51.45998596,0°12′43″W,-0.21195154,4.8835,227.939°
51°26′44″N,51.44550076,0°04′36″W,-0.07667898,4.8072,152.76°
51°30′56″N,51.5156413,0°14′26″W,-0.24052157,4.8842,276.781°
51°32′33″N,51.54242128,0°08′40″W,-0.14445092,2.528,343.51°
51°29′35″N,51.49306224,0°10′13″W,-0.17016745,2.0748,241.593°
51°33′11″N,51.55305467,0°04′11″W,-0.06979576,4.0236,38.249°
51°32′32″N,51.54224568,0°12′58″W,-0.2161545,4.5018,302.429°
51°29′53″N,51.49817718,0°01′46″W,-0.02938622,4.2795,98.482°
51°32′32″N,51.54217939,0°04′11″W,-0.06975974,3.4663,45.993°
51°30′51″N,51.51412524,0°12′03″W,-0.20075052,3.1745,278.51°
51°26′39″N,51.44409722,0°07′53″W,-0.13144708,4.3747,182.082°
51°31′40″N,51.52773476,0°05′12″W,-0.08664856,2.2608,51.435°
51°31′28″N,51.52447467,0°14′19″W,-0.23871602,4.9169,283.972°
51°30′01″N,51.50034462,0°11′57″W,-0.19907609,3.1062,261.059°
51°26′46″N,51.44608101,0°07′43″W,-0.12872222,4.2349,180.562°
51°30′20″N,51.50553065,0°04′07″W,-0.06865897,2.5455,92.81°
51°31′41″N,51.52792673,0°09′34″W,-0.15952727,1.9721,316.158°
51°30′27″N,51.50756666,0°09′28″W,-0.15787326,1.2956,270.671°
51°29′57″N,51.4990537,0°09′30″W,-0.15838837,1.4372,246.494°
51°30′54″N,51.51506051,0°08′31″W,-0.14201212,0.8123,310.999°
51°33′34″N,51.55940006,0°10′38″W,-0.17710513,4.1765,329.489°
51°28′13″N,51.47020532,0°02′00″W,-0.03343722,4.803,122.275°
51°31′12″N,51.51995229,0°08′52″W,-0.1478329,1.2264,315.255°
51°27′56″N,51.46549328,0°13′00″W,-0.21677467,4.8008,232.977°
51°28′50″N,51.48063672,0°03′38″W,-0.06044143,3.4351,122.487°
51°29′17″N,51.48810222,0°02′17″W,-0.03813136,4.0795,108.998°
51°30′39″N,51.51090477,0°08′54″W,-0.14846876,0.9241,285.422°
51°30′00″N,51.50003859,0°01′38″W,-0.02713053,4.3586,96.619°
51°33′07″N,51.55183058,0°12′56″W,-0.2156017,4.87,309.177°
51°34′31″N,51.57524265,0°08′16″W,-0.13770593,4.7119,354.797°
51°33′18″N,51.55502345,0°07′44″W,-0.12902331,3.2954,359.055°
51°30′09″N,51.50240889,0°12′42″W,-0.21154838,3.6209,264.62°
51°29′57″N,51.49927938,0°06′44″W,-0.1120841,0.8752,129.594°
51°29′41″N,51.49460505,0°11′04″W,-0.184472,2.5942,250.171°
51°30′24″N,51.50654934,0°12′06″W,-0.20175211,3.1836,269.032°
51°28′58″N,51.48270723,0°13′54″W,-0.23168593,4.7854,249.19°
51°32′09″N,51.53588087,0°04′41″W,-0.07814706,2.9052,47.236°
51°27′31″N,51.45853434,0°09′42″W,-0.16154897,3.6741,203.332°
51°32′38″N,51.54398583,0°03′47″W,-0.06305935,3.7619,47.669°
51°29′37″N,51.49371609,0°11′30″W,-0.19156394,2.9025,251.079°
51°31′59″N,51.53325403,0°01′52″W,-0.03118487,4.5227,66.643°
51°33′14″N,51.55377845,0°02′38″W,-0.04389064,4.8271,48.302°
51°27′58″N,51.46616158,0°06′31″W,-0.10869105,2.9628,163.913°
51°31′35″N,51.5262929,0°04′27″W,-0.07405987,2.6548,60.432°
51°27′00″N,51.45002282,0°07′32″W,-0.12564207,3.9633,178.682°
51°31′19″N,51.52191771,0°09′55″W,-0.16533335,1.9041,301.936°
51°33′54″N,51.56498651,0°10′24″W,-0.17343811,4.4413,333.775°
51°33′19″N,51.55519018,0°05′27″W,-0.09079899,3.6685,25.655°
51°31′27″N,51.52428266,0°01′06″W,-0.01840308,4.8469,75.985°
51°32′38″N,51.54383381,0°03′12″W,-0.05346508,4.07,51.687°
51°33′49″N,51.56353253,0°10′20″W,-0.17208916,4.3256,333.875°
51°32′24″N,51.53991496,0°02′29″W,-0.04139487,4.3427,58.75°
51°28′05″N,51.46818002,0°11′21″W,-0.18919175,3.7842,224.345°
51°33′34″N,51.55954752,0°11′56″W,-0.19879058,4.7267,319.779°
51°28′20″N,51.47213282,0°11′42″W,-0.19496686,3.7803,229.943°
51°28′22″N,51.47266575,0°07′06″W,-0.11829819,2.4316,170.358°
51°27′40″N,51.46108979,0°12′51″W,-0.21410791,4.9026,229.328°
51°31′35″N,51.52642979,0°12′24″W,-0.20670837,3.6427,291.254°
51°29′56″N,51.49891358,0°09′19″W,-0.15528438,1.32,243.794°
51°27′15″N,51.45409832,0°03′16″W,-0.05438167,4.85,139.338°
51°28′10″N,51.46955303,0°11′30″W,-0.1916421,3.7926,226.488°
51°28′33″N,51.47592665,0°07′27″W,-0.12425878,2.1771,176.032°
51°32′04″N,51.53443422,0°07′16″W,-0.12122742,1.8928,8.531°
51°31′01″N,51.51701486,0°07′57″W,-0.13237195,0.6968,343.454°
51°30′48″N,51.51340527,0°05′46″W,-0.09615408,1.4224,72.879°
51°34′15″N,51.57086419,0°10′54″W,-0.18168717,4.9644,332.182°
51°28′39″N,51.47744955,0°02′06″W,-0.03495248,4.4968,117.324°
51°29′27″N,51.49086008,0°09′50″W,-0.16402263,1.9323,233.867°
51°26′33″N,51.44242956,0°06′37″W,-0.11018691,4.5504,170.424°
51°33′04″N,51.55121854,0°09′21″W,-0.15574339,3.262,338.364°
51°27′35″N,51.45968589,0°07′26″W,-0.12379559,3.2988,177.035°
51°32′01″N,51.53349864,0°03′07″W,-0.0518323,3.7321,61.007°
51°27′34″N,51.45950674,0°04′56″W,-0.0821984,3.8445,149.314°
51°31′37″N,51.52689347,0°06′46″W,-0.11270643,1.4978,25.602°
51°29′52″N,51.49788192,0°09′12″W,-0.15321001,1.2757,239.144°
51°32′16″N,51.5377209,0°13′40″W,-0.22778603,4.7865,296.05°
51°31′56″N,51.53221608,0°04′18″W,-0.07153239,2.9666,54.576°
51°32′07″N,51.53530862,0°10′58″W,-0.18286105,3.0577,309.216°
51°27′53″N,51.46465426,0°11′32″W,-0.19217176,4.049,223.236°
51°28′25″N,51.4735202,0°10′07″W,-0.16873295,2.9286,217.037°
51°34′35″N,51.57643262,0°08′30″W,-0.14168701,4.812,352.858°
51°32′47″N,51.54634677,0°09′02″W,-0.15053443,2.8677,340.039°
51°32′41″N,51.54482311,0°09′14″W,-0.15395612,2.8243,336.503°
51°28′57″N,51.48244179,0°06′36″W,-0.11009098,1.882,156.168°
51°29′26″N,51.49047739,0°11′12″W,-0.18660012,2.7875,245.29°
51°34′19″N,51.57181849,0°06′11″W,-0.10318687,4.5792,13.327°
51°27′13″N,51.45363467,0°09′59″W,-0.16641608,4.0685,204.157°
51°34′05″N,51.56818397,0°04′52″W,-0.081246,4.6558,25.416°
51°32′19″N,51.53867543,0°13′39″W,-0.22760829,4.8089,296.797°
51°32′35″N,51.54300362,0°02′36″W,-0.04332713,4.388,55.802°
51°34′22″N,51.57287581,0°08′38″W,-0.14398763,4.5822,351.249°
51°29′32″N,51.49213092,0°13′18″W,-0.22158884,4.172,255.432°
51°33′42″N,51.5616938,0°04′13″W,-0.07024316,4.4969,33.337°
51°31′11″N,51.51971772,0°13′03″W,-0.21757566,3.9567,282.511°
51°29′02″N,51.48389725,0°07′07″W,-0.1185904,1.6683,166.319°
51°32′37″N,51.5435102,0°02′54″W,-0.0483064,4.2331,53.784°
51°34′07″N,51.56866198,0°10′16″W,-0.17117507,4.6304,336.245°
51°31′04″N,51.5176437,0°11′44″W,-0.19545203,2.9974,283.756°
51°30′15″N,51.50411742,0°02′48″W,-0.04662981,3.4973,93.632°
51°31′31″N,51.52528589,0°03′07″W,-0.05198936,3.4866,69.145°
51°30′09″N,51.50251041,0°08′29″W,-0.14149929,0.6793,240.498°
51°28′03″N,51.46746531,0°12′51″W,-0.21417031,4.6293,233.486°
51°33′44″N,51.56209946,0°10′43″W,-0.17873518,4.3729,329.941°
51°27′29″N,51.45795367,0°06′22″W,-0.10618659,3.5381,164.778°
51°33′24″N,51.55676288,0°09′13″W,-0.15370292,3.5927,341.921°
51°32′18″N,51.53845711,0°11′20″W,-0.18877182,3.3922,309.355°
51°30′59″N,51.51654501,0°02′32″W,-0.04224039,3.733,80.165°
51°26′25″N,51.44031193,0°05′56″W,-0.09886275,4.7975,164.961°
51°26′24″N,51.44009683,0°05′14″W,-0.08727665,4.9643,159.432°
51°32′47″N,51.54635209,0°01′57″W,-0.03249204,4.9038,56.617°
51°27′03″N,51.45086689,0°07′45″W,-0.12926876,3.9045,180.955°
51°30′06″N,51.50163548,0°13′44″W,-0.2288497,4.367,264.85°
51°32′54″N,51.54845678,0°03′40″W,-0.06114036,4.0345,45.209°
51°32′50″N,51.54734511,0°05′43″W,-0.09530331,3.0965,26.775°
51°30′57″N,51.51589704,0°08′14″W,-0.13733712,0.7202,325.106°
51°30′28″N,51.50783851,0°04′36″W,-0.07657613,2.202,89.103°
51°30′33″N,51.50909659,0°03′04″W,-0.05120821,3.2952,87.872°
51°30′44″N,51.51226461,0°01′10″W,-0.01934866,4.6757,85.792°
51°30′23″N,51.50648266,0°07′57″W,-0.13243933,0.2101,253.408°
51°32′46″N,51.54613416,0°09′44″W,-0.16219829,3.0624,331.094°
51°31′02″N,51.51716715,0°10′22″W,-0.17269658,2.0486,289.358°
51°31′27″N,51.52424448,0°07′47″W,-0.12982253,1.171,355.652°
51°31′38″N,51.52708334,0°06′07″W,-0.10206714,1.7553,39.004°
51°28′18″N,51.47159019,0°10′00″W,-0.16679816,2.9886,214.221°
51°26′40″N,51.44442422,0°09′03″W,-0.15069747,4.4599,192.801°
51°32′25″N,51.5401922,0°08′56″W,-0.1488845,2.4449,338.195°
51°29′25″N,51.49038738,0°13′54″W,-0.23172224,4.6243,255.354°
51°30′33″N,51.50927367,0°07′48″W,-0.12991401,0.1621,325.093°
51°33′14″N,51.55400274,0°10′57″W,-0.18260523,3.9947,323.841°
51°30′22″N,51.50598812,0°05′37″W,-0.09350719,1.4765,93.644°
51°26′32″N,51.44233538,0°10′04″W,-0.16768472,4.8111,200.948°
51°28′19″N,51.47185838,0°06′26″W,-0.10723662,2.6072,160.192°
51°30′05″N,51.50151799,0°07′45″W,-0.1291075,0.4073,188.194°
51°31′42″N,51.52846217,0°05′18″W,-0.08840808,2.2346,49.218°
51°28′54″N,51.48176353,0°13′28″W,-0.22454263,4.5246,247.03°
51°28′42″N,51.47837505,0°06′28″W,-0.1076727,2.1813,156.648°
51°28′47″N,51.47972944,0°10′01″W,-0.16689983,2.5459,221.436°
51°29′22″N,51.4893481,0°04′29″W,-0.0746153,2.6032,118.533°
51°32′44″N,51.54560757,0°04′12″W,-0.06994108,3.6294,43.214°
51°32′25″N,51.54024186,0°07′31″W,-0.12529983,2.2757,2.662°
51°28′31″N,51.47538319,0°08′36″W,-0.14328399,2.3083,196.831°
51°30′05″N,51.5012533,0°01′42″W,-0.02834177,4.2978,95.589°
51°27′40″N,51.46112587,0°09′44″W,-0.16220254,3.5221,204.906°
51°28′28″N,51.47452529,0°08′54″W,-0.14831091,2.4351,201.306°
51°26′11″N,51.4365036,0°07′08″W,-0.11886049,4.9116,175.523°
51°30′38″N,51.5105829,0°09′08″W,-0.15213135,1.072,282.037°
51°32′11″N,51.53625872,0°10′12″W,-0.1700057,2.7005,317.735°
51°31′32″N,51.525486,0°07′43″W,-0.12854331,1.2539,358.457°
51°31′44″N,51.52879906,0°02′10″W,-0.03608499,4.2122,69.359°
51°27′13″N,51.45354995,0°04′08″W,-0.06894461,4.4985,145.73°
51°27′25″N,51.45702672,0°03′55″W,-0.06517462,4.3993,142.219°
51°26′55″N,51.4486538,0°11′32″W,-0.1921189,4.9127,214.355°
51°26′51″N,51.44747037,0°04′55″W,-0.08192756,4.5849,154.495°
51°32′31″N,51.54197396,0°02′05″W,-0.03482502,4.658,59.051°
51°31′28″N,51.52442163,0°03′14″W,-0.05381152,3.3923,69.618°
51°30′53″N,51.51476976,0°02′00″W,-0.03327102,4.0966,82.773°
51°31′40″N,51.5278359,0°02′29″W,-0.04139367,3.9752,69.101°
51°31′10″N,51.51951368,0°01′19″W,-0.02189537,4.6304,79.499°
51°27′18″N,51.4549508,0°04′38″W,-0.07718397,4.2256,148.971°
51°31′08″N,51.5189189,0°06′15″W,-0.10426823,1.2885,51.636°
51°29′17″N,51.48807104,0°01′35″W,-0.02630675,4.5641,106.936°
51°34′00″N,51.56655422,0°04′14″W,-0.07054154,4.7743,30.989°
51°28′46″N,51.47931569,0°08′52″W,-0.14782512,2.1214,204.028°
51°32′53″N,51.54808749,0°09′45″W,-0.16257654,3.1889,332.012°
51°29′00″N,51.48331704,0°08′23″W,-0.13970187,1.7388,197.196°
51°31′31″N,51.52526404,0°09′42″W,-0.16163698,1.9121,310.367°
51°30′32″N,51.50886127,0°05′33″W,-0.09252095,1.5194,86.047°
51°29′32″N,51.49225925,0°12′04″W,-0.20110757,3.3238,251.739°
51°27′21″N,51.45582719,0°11′49″W,-0.19684517,4.6395,219.891°
51°34′06″N,51.56829514,0°10′19″W,-0.17192382,4.6204,335.754°
51°34′28″N,51.57457553,0°06′59″W,-0.11641551,4.6718,5.986°
51°32′15″N,51.53736434,0°13′22″W,-0.22288084,4.5866,296.927°
51°29′52″N,51.49789394,0°09′20″W,-0.15568899,1.3679,241.468°
51°28′16″N,51.47117413,0°06′13″W,-0.10364774,2.7071,157.453°
51°31′22″N,51.52278103,0°13′26″W,-0.22390857,4.2709,284.498°
51°28′50″N,51.48051951,0°13′02″W,-0.21732505,4.2771,244.34°
51°31′20″N,51.52227593,0°03′44″W,-0.06231259,2.998,69.849°
51°29′25″N,51.49031808,0°10′18″W,-0.17170147,2.2273,238.109°
51°32′01″N,51.53348786,0°05′27″W,-0.09085682,2.4046,41.285°
51°33′41″N,51.56135028,0°08′03″W,-0.13406935,3.7421,355.844°
51°28′07″N,51.46864668,0°02′15″W,-0.0373877,4.7204,124.485°
51°33′31″N,51.55854354,0°10′21″W,-0.17240236,4.0253,331.538°
51°27′22″N,51.45617416,0°08′49″W,-0.14681805,3.631,193.066°
51°28′01″N,51.46702736,0°09′23″W,-0.15625503,3.0449,203.763°
51°33′48″N,51.56328799,0°11′58″W,-0.19951557,4.9462,321.44°
51°33′21″N,51.55585573,0°02′42″W,-0.04507214,4.8865,46.648°
51°27′33″N,51.45921595,0°09′55″W,-0.16537185,3.6999,205.963°
51°32′26″N,51.54068555,0°05′05″W,-0.08482092,2.9526,38.693°
51°26′43″N,51.4453646,0°08′05″W,-0.13462779,4.2944,183.951°
51°30′22″N,51.50606815,0°06′56″W,-0.11556406,0.532,99.588°
51°33′39″N,51.560926,0°06′25″W,-0.10694465,3.8095,13.578°
51°28′55″N,51.48184619,0°14′05″W,-0.23469402,4.9276,249.081°
51°28′32″N,51.47554361,0°02′01″W,-0.0335697,4.6111,118.437°
51°33′08″N,51.55235768,0°03′33″W,-0.05924079,4.2844,43.416°
51°33′20″N,51.55551416,0°07′34″W,-0.12598761,3.3297,1.309°
51°33′41″N,51.56143086,0°09′04″W,-0.15124229,3.8718,344.893°
51°27′59″N,51.46637384,0°07′44″W,-0.1288277,2.8325,180.931°
51°27′26″N,51.45710873,0°09′53″W,-0.16459261,3.8173,204.554°
51°30′25″N,51.50685428,0°13′18″W,-0.22172071,4.0423,269.55°
51°30′43″N,51.512001,0°05′17″W,-0.08814022,1.7343,79.305°
51°30′27″N,51.50741085,0°13′06″W,-0.21832671,3.8961,270.096°
51°29′35″N,51.49318369,0°11′31″W,-0.19200727,2.9326,250.52°
51°28′08″N,51.46885978,0°02′52″W,-0.0476694,4.3541,127.631°
51°28′17″N,51.47125847,0°08′07″W,-0.13518002,2.5149,187.299°
51°28′36″N,51.47675475,0°11′07″W,-0.18523704,3.2542,229.494°
51°26′46″N,51.44619481,0°10′45″W,-0.17927761,4.7734,207.706°
51°33′37″N,51.56037614,0°10′07″W,-0.1685957,4.0638,334.418°
51°31′15″N,51.52091113,0°13′19″W,-0.22194013,4.158,283.064°
51°34′33″N,51.57592941,0°08′35″W,-0.14308986,4.7855,352.09°
51°31′37″N,51.52696792,0°08′25″W,-0.14021212,1.4578,338.448°
51°32′38″N,51.54387157,0°04′27″W,-0.07403535,3.4217,42.444°
51°30′41″N,51.51139823,0°13′23″W,-0.22301851,4.1073,273.943°
51°28′42″N,51.47823207,0°13′50″W,-0.2304926,4.8575,245.563°
51°34′13″N,51.57026845,0°08′26″W,-0.14065284,4.3838,352.741°
51°27′28″N,51.45768353,0°06′20″W,-0.10547372,3.5643,164.38°
51°29′57″N,51.49908101,0°01′51″W,-0.03073652,4.2131,97.759°
51°31′23″N,51.52300767,0°05′20″W,-0.08881192,1.9943,57.122°
51°27′04″N,51.45115643,0°09′50″W,-0.16378393,4.1821,201.779°
51°26′54″N,51.44824217,0°05′38″W,-0.09398234,4.3364,160.397°
51°28′50″N,51.48042235,0°04′43″W,-0.07853262,2.8198,131.285°
51°29′47″N,51.49626824,0°05′57″W,-0.09916919,1.449,121.901°
51°31′34″N,51.52608347,0°06′02″W,-0.10062661,1.743,42.018°
51°31′04″N,51.5179162,0°03′24″W,-0.05665638,3.1443,76.543°
51°27′11″N,51.45312916,0°06′52″W,-0.11455787,3.7904,171.373°
51°34′07″N,51.56852661,0°04′17″W,-0.07128014,4.8758,29.844°
51°27′02″N,51.45055917,0°09′35″W,-0.15962443,4.158,199.275°
51°32′16″N,51.53773461,0°05′15″W,-0.08737174,2.7252,39.577°
51°30′24″N,51.50671984,0°06′45″W,-0.1125706,0.6548,93.813°
51°28′49″N,51.48030846,0°11′27″W,-0.19091711,3.2985,235.508°
51°34′32″N,51.57562058,0°07′28″W,-0.1243159,4.7208,1.795°
51°34′16″N,51.57100788,0°04′53″W,-0.08141397,4.8298,24.344°
51°30′17″N,51.50480846,0°11′27″W,-0.19081206,2.7183,266.318°
51°29′22″N,51.48950115,0°00′59″W,-0.01644307,4.9459,104.401°
51°33′15″N,51.55423316,0°03′06″W,-0.0516665,4.6047,45.246°
51°29′26″N,51.49049249,0°08′57″W,-0.14923129,1.487,218.42°
51°31′18″N,51.52164345,0°10′20″W,-0.17223146,2.1529,297.33°
51°28′22″N,51.47271127,0°08′44″W,-0.14563173,2.5147,197.818°
51°31′40″N,51.52786597,0°04′37″W,-0.07705059,2.6013,56.95°
51°28′31″N,51.47530595,0°08′11″W,-0.13636135,2.2455,189.493°
51°27′31″N,51.45859189,0°07′57″W,-0.13240583,3.376,183.399°
51°32′06″N,51.53493648,0°07′57″W,-0.13252346,1.9176,353.867°
51°32′24″N,51.54004006,0°12′45″W,-0.2125432,4.2893,301.819°
51°31′33″N,51.52570803,0°09′59″W,-0.16627168,2.0865,307.465°
51°27′48″N,51.46343931,0°12′27″W,-0.20743223,4.5793,228.52°
51°29′33″N,51.49261613,0°06′51″W,-0.11425373,1.1725,150.288°
51°34′10″N,51.56942121,0°10′36″W,-0.17664587,4.7772,333.919°
51°30′22″N,51.5060721,0°07′46″W,-0.12943919,0.1142,219.288°
51°28′02″N,51.46726433,0°11′37″W,-0.19373277,3.9672,225.728°
51°30′38″N,51.51064835,0°04′16″W,-0.07124129,2.4419,84.622°
51°29′20″N,51.48877942,0°04′52″W,-0.08110409,2.3827,122.577°
51°30′28″N,51.5078737,0°07′44″W,-0.12899697,0.0644,304.142°
51°28′49″N,51.48017578,0°04′31″W,-0.07519332,2.9401,129.684°
51°30′12″N,51.50321054,0°08′52″W,-0.14775159,0.9065,251.605°
51°28′52″N,51.48112825,0°06′50″W,-0.11387389,1.9083,161.75°
51°32′20″N,51.53884593,0°13′15″W,-0.22078628,4.5545,298.588°
51°28′33″N,51.47578339,0°11′05″W,-0.18483806,3.2854,228.41°
51°27′35″N,51.45985723,0°08′21″W,-0.13918027,3.3192,188.522°
51°28′04″N,51.46780406,0°12′44″W,-0.21211822,4.5445,233.059°
51°28′53″N,51.48148434,0°03′01″W,-0.05028582,3.7828,118.173°
51°29′05″N,51.48480182,0°03′31″W,-0.05852491,3.3621,117.589°
51°30′19″N,51.50534734,0°11′12″W,-0.18656633,2.5337,266.89°
51°27′24″N,51.45664684,0°05′35″W,-0.09317547,3.8075,156.973°
51°26′24″N,51.44013763,0°06′58″W,-0.11604517,4.6728,173.8°
51°27′02″N,51.45067893,0°08′40″W,-0.14445551,3.9823,190.404°
51°30′05″N,51.5015001,0°04′16″W,-0.07110396,2.4707,99.398°
51°30′58″N,51.51601762,0°07′26″W,-0.12384873,0.6222,15.68°
51°29′18″N,51.48821537,0°10′02″W,-0.16721103,2.152,232.093°
51°27′33″N,51.45926608,0°02′34″W,-0.04287957,4.9388,132.26°
51°32′22″N,51.53946002,0°06′18″W,-0.10492672,2.4267,23.857°
51°27′09″N,51.45248357,0°09′07″W,-0.15187551,3.9317,195.319°
51°28′33″N,51.47576692,0°08′02″W,-0.13392722,2.199,186.936°
51°29′20″N,51.48884427,0°10′39″W,-0.1776219,2.4979,239.217°
51°27′46″N,51.46265519,0°12′16″W,-0.20455983,4.5243,226.968°
51°33′21″N,51.55594959,0°08′32″W,-0.14222274,3.416,349.516°
51°27′29″N,51.45808207,0°12′26″W,-0.20724403,4.8271,225.165°
51°32′32″N,51.54222019,0°08′49″W,-0.14706355,2.549,341°
51°33′04″N,51.55098745,0°05′40″W,-0.09455833,3.3368,25.316°
51°34′26″N,51.57388,0°08′24″W,-0.14004713,4.6285,353.451°
51°30′52″N,51.5145219,0°08′27″W,-0.14078915,0.7482,311.489°
51°28′42″N,51.47827034,0°06′40″W,-0.11118709,2.1327,160.459°
51°29′19″N,51.48848629,0°10′05″W,-0.16791882,2.1647,232.98°
51°30′22″N,51.50624381,0°04′03″W,-0.06739617,2.5979,91.664°
51°33′58″N,51.56605362,0°07′28″W,-0.12442228,4.0598,2.023°
51°30′26″N,51.50714316,0°12′12″W,-0.2034452,3.256,269.777°
51°27′56″N,51.46541971,0°07′27″W,-0.12420168,2.9022,176.975°
51°28′25″N,51.47361992,0°03′56″W,-0.06558189,3.5489,131.041°
51°30′13″N,51.50370529,0°08′49″W,-0.14701587,0.8659,253.091°
51°31′36″N,51.52680329,0°03′31″W,-0.05860239,3.2641,65.649°
51°31′04″N,51.51777272,0°08′16″W,-0.13776942,0.8392,329.132°
51°34′26″N,51.57386051,0°08′23″W,-0.13981939,4.626,353.57°
51°31′36″N,51.52658775,0°08′06″W,-0.13510672,1.3666,346.631°
51°32′14″N,51.53731628,0°10′55″W,-0.18188285,3.1156,311.684°
51°29′25″N,51.49019912,0°10′11″W,-0.16974697,2.1609,236.745°
51°31′48″N,51.52994888,0°14′17″W,-0.23815618,4.9983,288.252°
51°27′35″N,51.45975734,0°04′00″W,-0.06658147,4.2136,141.3°
51°32′29″N,51.54132666,0°12′38″W,-0.21060589,4.267,303.423°
51°27′41″N,51.46125923,0°05′28″W,-0.09103049,3.5563,153.594°
51°27′46″N,51.46271008,0°07′28″W,-0.12441731,3.0887,177.33°
51°30′11″N,51.50301868,0°03′17″W,-0.05470889,3.1569,95.414°
51°33′10″N,51.55273553,0°04′30″W,-0.07506595,3.8694,35.819°
51°29′46″N,51.49602715,0°01′04″W,-0.01773007,4.7981,99.345°
51°28′34″N,51.47611381,0°12′47″W,-0.21307287,4.2591,239.575°
51°33′31″N,51.55861032,0°03′39″W,-0.06093077,4.5615,39.016°
51°29′34″N,51.49265045,0°05′56″W,-0.09898853,1.6014,129.368°
51°30′02″N,51.50066143,0°07′51″W,-0.13080981,0.4806,195.853°
51°30′10″N,51.50286037,0°01′48″W,-0.0299483,4.2193,94.18°
51°28′04″N,51.46784382,0°02′48″W,-0.04678222,4.4273,128.048°
51°31′59″N,51.53327579,0°06′16″W,-0.10436903,2.0549,29.3°
51°29′25″N,51.49041502,0°10′40″W,-0.17775694,2.4491,241.468°
51°31′29″N,51.52466101,0°03′58″W,-0.06610255,2.9092,65.693°
51°32′20″N,51.538976,0°08′29″W,-0.14145934,2.2638,344.919°
51°30′35″N,51.50972104,0°13′00″W,-0.21680072,3.8339,272.484°
51°29′56″N,51.49878488,0°07′45″W,-0.12913394,0.595,185.709°
51°26′30″N,51.44169144,0°06′33″W,-0.10917067,4.6081,169.993°
51°32′30″N,51.54167216,0°01′38″W,-0.02724427,4.9305,61.202°
51°32′03″N,51.53421208,0°04′34″W,-0.07620183,2.8919,50.04°
51°29′32″N,51.49230366,0°05′42″W,-0.09486828,1.7562,126.3°
51°27′22″N,51.45618692,0°07′37″W,-0.1269221,3.5364,179.417°
51°33′46″N,51.56270334,0°10′02″W,-0.16715602,4.1839,336.134°
51°31′51″N,51.53080483,0°01′48″W,-0.02989066,4.5104,68.898°
51°33′16″N,51.55439867,0°11′31″W,-0.19202075,4.2671,319.67°
51°32′44″N,51.54558531,0°06′41″W,-0.11147653,2.7338,14.833°
51°30′01″N,51.50041507,0°01′06″W,-0.01835316,4.7312,95.773°
51°31′35″N,51.52636489,0°02′30″W,-0.04162036,3.931,70.436°
51°29′55″N,51.4984727,0°13′28″W,-0.22442948,4.2041,261.645°
51°29′13″N,51.48682501,0°04′51″W,-0.08090121,2.4653,125.113°
51°31′13″N,51.52040509,0°09′35″W,-0.15971734,1.6443,303.292°
51°32′09″N,51.53585635,0°02′22″W,-0.03942409,4.2793,62.553°
51°33′31″N,51.5585604,0°03′00″W,-0.05009767,4.8658,43.301°
51°26′50″N,51.44725108,0°06′22″W,-0.1062082,4.2562,167.402°
51°30′21″N,51.50588985,0°05′39″W,-0.09429223,1.4432,93.999°
51°26′41″N,51.44463503,0°06′01″W,-0.10032666,4.4926,164.75°
51°32′12″N,51.53673193,0°05′57″W,-0.09925082,2.3721,31.109°
51°30′59″N,51.51664567,0°08′49″W,-0.14690538,1.0445,307.962°
51°33′38″N,51.56045579,0°08′45″W,-0.14594622,3.7528,347.98°
51°32′48″N,51.54665814,0°02′07″W,-0.03539945,4.8118,55.589°
51°29′51″N,51.49737378,0°05′07″W,-0.0851779,1.9574,110.611°
51°31′14″N,51.52053094,0°01′39″W,-0.02748543,4.4081,78.035°
51°30′30″N,51.50829472,0°11′03″W,-0.18421992,2.4298,271.561°
51°31′51″N,51.53079212,0°02′18″W,-0.03823978,4.177,67.142°
51°33′27″N,51.55745624,0°04′42″W,-0.07846867,4.06,31.445°
51°31′56″N,51.53215468,0°14′01″W,-0.23352585,4.8611,290.692°
51°30′53″N,51.51461388,0°01′17″W,-0.02143537,4.601,83.695°
51°34′08″N,51.5689931,0°10′34″W,-0.17624188,4.743,333.95°
51°29′02″N,51.48398291,0°11′17″W,-0.18793244,3.0517,238.069°
51°29′23″N,51.48963679,0°03′53″W,-0.06481278,2.9722,114.301°
51°27′51″N,51.46408841,0°09′36″W,-0.16010001,3.2982,204.976°
51°33′44″N,51.56229446,0°04′24″W,-0.07320102,4.4635,31.681°
51°30′31″N,51.50859268,0°13′57″W,-0.2325414,4.5084,271.132°
51°32′51″N,51.54750704,0°05′35″W,-0.09298463,3.1526,28.3°
51°32′21″N,51.53910642,0°09′03″W,-0.15073323,2.4069,335.774°
51°31′12″N,51.51986473,0°12′35″W,-0.20973212,3.6305,283.815°
51°31′34″N,51.52602353,0°04′24″W,-0.07323717,2.6766,61.152°
51°30′10″N,51.50281941,0°01′59″W,-0.03292039,4.092,94.353°
51°28′30″N,51.47490173,0°03′24″W,-0.05661628,3.7951,126.197°
51°31′10″N,51.51955597,0°11′54″W,-0.1983844,3.1528,285.547°
51°32′12″N,51.5367391,0°08′43″W,-0.14521032,2.1654,339.728°
51°30′47″N,51.51305676,0°02′18″W,-0.03829861,3.8684,84.114°
51°29′05″N,51.484761,0°13′15″W,-0.220925,4.3022,248.757°
51°33′10″N,51.55266333,0°10′29″W,-0.17467579,3.7253,327.231°
51°33′46″N,51.56288947,0°10′57″W,-0.18248823,4.5024,328.514°
51°30′35″N,51.50976093,0°04′08″W,-0.06880706,2.5414,86.219°
51°30′14″N,51.50389936,0°08′29″W,-0.14146272,0.636,247.976°
51°29′32″N,51.49209468,0°04′13″W,-0.07024463,2.6899,113.057°
51°29′32″N,51.49209916,0°04′34″W,-0.07619333,2.4563,115.394°
51°29′38″N,51.49394916,0°10′04″W,-0.16769259,1.952,241.686°
51°29′28″N,51.49108338,0°11′17″W,-0.18797937,2.8245,246.566°
51°29′56″N,51.49882359,0°14′23″W,-0.23978525,4.8556,263.072°
51°31′33″N,51.52589138,0°12′35″W,-0.20974868,3.752,290.002°
51°28′57″N,51.4825638,0°04′17″W,-0.07146018,2.9671,125.245°
51°33′29″N,51.55810515,0°11′09″W,-0.18575398,4.3039,324.617°
51°29′25″N,51.49037382,0°01′14″W,-0.02051424,4.7612,104.225°
51°29′46″N,51.4959907,0°07′37″W,-0.12688766,0.7861,177.268°
51°31′52″N,51.53100051,0°14′15″W,-0.23757052,4.9976,289.134°
51°30′39″N,51.51092844,0°07′55″W,-0.13196251,0.3063,323.819°
51°29′21″N,51.48919866,0°01′38″W,-0.02717523,4.506,106.127°
51°32′02″N,51.53378481,0°06′02″W,-0.10042166,2.1726,32.75°
51°29′51″N,51.49761793,0°07′45″W,-0.1290872,0.6751,184.858°
51°30′03″N,51.50084394,0°10′47″W,-0.17966009,2.2778,258.633°
51°30′40″N,51.51109926,0°09′26″W,-0.15724401,1.2946,281.556°
51°29′17″N,51.48808035,0°06′46″W,-0.11289397,1.4775,154.344°
51°33′46″N,51.56290348,0°11′54″W,-0.19827502,4.8922,321.733°
51°31′55″N,51.53186591,0°12′10″W,-0.20270665,3.6415,297.759°
51°27′52″N,51.46434534,0°12′22″W,-0.20599324,4.4914,228.594°
51°34′33″N,51.57589336,0°07′44″W,-0.12902454,4.7377,359.342°
51°29′27″N,51.49071015,0°10′38″W,-0.17708356,2.4139,241.565°
51°28′08″N,51.46880892,0°07′11″W,-0.11961313,2.6868,172.5°
51°30′19″N,51.5053568,0°11′17″W,-0.18818099,2.603,266.989°
51°29′54″N,51.4984502,0°02′38″W,-0.04389182,3.6603,99.643°
51°27′27″N,51.45748544,0°07′28″W,-0.12443101,3.4495,177.619°
51°34′03″N,51.56755158,0°09′02″W,-0.15046624,4.2738,346.805°
51°31′44″N,51.52901129,0°08′17″W,-0.13794975,1.5599,343.685°
51°33′44″N,51.56220025,0°05′40″W,-0.09438009,4.0535,20.72°
51°34′21″N,51.57249134,0°09′57″W,-0.16588264,4.7913,340.013°
51°29′42″N,51.49506804,0°05′44″W,-0.09555509,1.6249,121.484°
51°28′25″N,51.47353666,0°07′46″W,-0.12934102,2.3381,181.67°
51°29′54″N,51.49828541,0°01′55″W,-0.03194427,4.1696,98.605°
51°29′29″N,51.49130064,0°02′52″W,-0.04777649,3.6157,107.836°
51°27′54″N,51.4650351,0°03′40″W,-0.06120921,4.0936,135.573°
51°30′54″N,51.51500996,0°08′59″W,-0.1495871,1.0779,299.422°
51°30′23″N,51.50639637,0°06′23″W,-0.10641526,0.9205,94.101°
51°26′47″N,51.44635601,0°06′22″W,-0.10604641,4.3181,167.491°
51°33′04″N,51.55102554,0°05′11″W,-0.08639387,3.5036,30.491°
51°29′43″N,51.49515793,0°07′47″W,-0.12978808,0.8472,185.917°
51°28′02″N,51.46724752,0°07′49″W,-0.13028707,2.7739,182.25°
51°31′55″N,51.53188143,0°02′46″W,-0.04620038,3.8959,64.17°
51°29′10″N,51.48604134,0°01′47″W,-0.02985411,4.4627,109.232°
51°34′34″N,51.57598679,0°07′41″W,-0.12796185,4.7438,359.894°
51°28′58″N,51.4827143,0°02′08″W,-0.03557767,4.3166,113.197°
51°29′50″N,51.49715651,0°04′22″W,-0.07265587,2.4732,106.531°
51°29′08″N,51.48555348,0°03′51″W,-0.06406282,3.1275,118.772°
51°33′02″N,51.5506843,0°08′54″W,-0.14828159,3.1223,343.591°
51°30′36″N,51.51006568,0°09′22″W,-0.15607583,1.2325,278.768°
51°27′05″N,51.45138092,0°08′04″W,-0.13434221,3.8788,184.193°
51°30′30″N,51.50843528,0°05′42″W,-0.09512476,1.4058,86.931°
51°26′56″N,51.44898465,0°09′39″W,-0.16081318,4.2776,199.442°
51°34′18″N,51.57162587,0°09′11″W,-0.15307101,4.5738,346.247°
51°32′31″N,51.54189441,0°05′20″W,-0.08887898,2.9147,34.987°
51°30′13″N,51.50370617,0°11′31″W,-0.19189781,2.7708,264.809°
51°30′46″N,51.51265668,0°11′36″W,-0.19344886,2.8495,277.42°
51°31′38″N,51.52709004,0°00′58″W,-0.01616369,4.9898,74.089°
51°26′39″N,51.44419802,0°07′53″W,-0.13135563,4.3676,182.033°
51°30′40″N,51.51110546,0°07′35″W,-0.12638662,0.2661,12.81°
51°28′53″N,51.48133199,0°10′31″W,-0.17520583,2.7208,228.645°
51°30′28″N,51.50775573,0°04′18″W,-0.07161606,2.4153,89.314°
51°31′41″N,51.52817761,0°09′47″W,-0.16298706,2.0899,313.546°
51°30′23″N,51.50625854,0°12′02″W,-0.20053655,3.1318,268.647°
51°33′19″N,51.55528531,0°10′54″W,-0.1817091,4.0444,325.023°
51°30′53″N,51.51485702,0°11′01″W,-0.18359629,2.4573,282.21°
51°26′23″N,51.43982138,0°08′02″W,-0.13384481,4.6747,183.216°
51°29′04″N,51.48433826,0°05′40″W,-0.09445772,2.1408,137.971°
51°34′11″N,51.56977286,0°10′04″W,-0.16779736,4.645,338.266°
51°31′34″N,51.52620481,0°02′34″W,-0.04267668,3.8844,70.366°
51°30′47″N,51.51297034,0°05′15″W,-0.08742083,1.7781,77.367°
51°29′21″N,51.48907595,0°01′49″W,-0.03023906,4.382,106.715°
51°32′25″N,51.54021973,0°12′07″W,-0.20199341,3.9182,305.466°
51°30′59″N,51.516436,0°13′55″W,-0.23184683,4.5211,278.024°
51°28′25″N,51.47351279,0°04′45″W,-0.07909144,3.1395,138.136°
51°28′47″N,51.47982277,0°06′28″W,-0.10771239,2.089,155.604°
51°29′28″N,51.49117054,0°14′24″W,-0.23999812,4.9571,257.006°
51°34′26″N,51.57388946,0°07′37″W,-0.12695838,4.599,0.428°
51°32′19″N,51.53869045,0°11′00″W,-0.18340022,3.2276,312.174°
51°32′39″N,51.54412559,0°12′12″W,-0.20324767,4.1228,308.09°
51°30′00″N,51.49987536,0°03′39″W,-0.06094652,2.9205,100.164°
51°33′30″N,51.55824929,0°09′25″W,-0.15703391,3.7363,340.324°
51°31′53″N,51.53133613,0°12′58″W,-0.21616882,4.148,293.591°
51°29′47″N,51.49646186,0°08′31″W,-0.14182248,0.9657,218.805°
51°33′14″N,51.55386153,0°06′47″W,-0.11300778,3.2766,11.155°
51°31′04″N,51.51764553,0°02′20″W,-0.03897815,3.8845,79.411°
51°29′13″N,51.48702532,0°10′29″W,-0.17474835,2.462,235.227°
51°27′10″N,51.45285563,0°11′05″W,-0.18467064,4.4931,213.063°
51°34′29″N,51.57482895,0°07′40″W,-0.12766871,4.6638,0.047°
51°27′36″N,51.46012766,0°06′50″W,-0.11392251,3.3178,169.654°
51°31′10″N,51.51934071,0°13′48″W,-0.23010392,4.4795,280.701°
51°27′06″N,51.45152872,0°06′05″W,-0.10145353,4.0209,163.634°
51°31′54″N,51.53167838,0°04′24″W,-0.07331989,2.8825,54.294°
51°29′23″N,51.48965441,0°07′18″W,-0.12172893,1.2503,168.022°
51°29′41″N,51.49464415,0°14′30″W,-0.24152936,4.9731,259.873°
51°27′53″N,51.46469456,0°09′59″W,-0.1663997,3.385,209.442°
51°30′53″N,51.51466114,0°02′55″W,-0.04872147,3.4371,81.516°
51°27′55″N,51.46533898,0°04′16″W,-0.07101293,3.7942,139.911°
51°28′25″N,51.47359628,0°10′19″W,-0.17190678,3.0087,219.176°
51°34′28″N,51.57437869,0°09′48″W,-0.16324866,4.8774,341.786°
51°31′27″N,51.52428413,0°14′22″W,-0.23940995,4.9428,283.74°
51°34′20″N,51.57229336,0°06′30″W,-0.10829636,4.5659,10.551°
51°32′25″N,51.54036695,0°11′07″W,-0.18516675,3.3618,312.771°
51°26′58″N,51.44935724,0°08′58″W,-0.14937128,4.1148,193.076°
51°33′39″N,51.56091862,0°12′09″W,-0.20258943,4.9049,319.04°
51°26′57″N,51.44921304,0°09′38″W,-0.16043284,4.2573,199.304°
51°34′29″N,51.57462796,0°05′33″W,-0.09246204,4.8912,18.058°
51°28′39″N,51.47759221,0°03′15″W,-0.05424993,3.7732,123.004°
51°29′56″N,51.49882246,0°12′47″W,-0.21312093,3.7195,260.915°
51°31′12″N,51.52011474,0°02′21″W,-0.03928244,3.9065,76.914°
51°29′52″N,51.49783024,0°09′13″W,-0.15355818,1.2904,239.35°
51°31′11″N,51.51985321,0°03′35″W,-0.05984245,3.0464,73.495°
51°34′14″N,51.57056792,0°05′18″W,-0.08831298,4.6868,21.196°
51°27′01″N,51.45014947,0°08′29″W,-0.14146103,3.9973,188.491°
51°32′29″N,51.54130246,0°08′21″W,-0.13923634,2.3979,348.126°
51°32′20″N,51.5388144,0°09′33″W,-0.15925484,2.562,328.096°
51°31′51″N,51.53091374,0°01′22″W,-0.02264374,4.8051,70.148°
51°32′26″N,51.54049168,0°07′42″W,-0.12822245,2.2906,359.501°
51°31′05″N,51.51805304,0°07′33″W,-0.12577779,0.7446,6.569°
51°27′18″N,51.45493371,0°04′13″W,-0.07029877,4.3866,145.657°
51°29′55″N,51.49869577,0°10′34″W,-0.17601568,2.1606,253.946°
51°31′52″N,51.53103876,0°11′21″W,-0.18929576,3.112,301.766°
51°28′36″N,51.47656374,0°10′20″W,-0.17214998,2.8596,221.933°
51°29′29″N,51.49133526,0°07′26″W,-0.12381535,1.1199,171.285°
51°32′10″N,51.5360077,0°11′08″W,-0.18563989,3.1811,308.532°
51°29′43″N,51.49534052,0°11′08″W,-0.18553674,2.6208,251.557°
51°32′24″N,51.53990144,0°02′34″W,-0.04281649,4.29,58.338°
51°32′12″N,51.53656561,0°13′47″W,-0.22984875,4.8325,294.738°
51°27′17″N,51.4548153,0°05′44″W,-0.09556783,3.8864,159.101°
51°32′35″N,51.54293453,0°09′58″W,-0.16597398,2.9579,326.264°
51°30′14″N,51.50399085,0°03′39″W,-0.06080541,2.8897,94.583°
51°31′05″N,51.51797284,0°06′45″W,-0.11257629,0.9826,41.648°
51°30′05″N,51.50140479,0°13′19″W,-0.22203416,4.0767,264.251°
51°27′15″N,51.45423982,0°09′50″W,-0.16402228,3.9889,203.051°
51°27′21″N,51.45588707,0°06′01″W,-0.10036402,3.7473,161.649°
51°28′10″N,51.46933562,0°01′46″W,-0.0294542,4.9802,121.804°
51°27′45″N,51.4624072,0°06′24″W,-0.10655718,3.2376,163.621°
51°31′10″N,51.51939802,0°01′52″W,-0.03107336,4.2413,78.64°
51°31′41″N,51.52793692,0°01′56″W,-0.03209269,4.3536,70.887°
51°29′04″N,51.48441922,0°04′31″W,-0.07520652,2.7614,125.006°
51°33′40″N,51.56116465,0°05′50″W,-0.09709741,3.9461,19.503°
51°29′07″N,51.48533239,0°13′40″W,-0.22774532,4.5636,250.559°
51°26′48″N,51.44676118,0°05′17″W,-0.08799805,4.524,157.754°
51°30′25″N,51.50691778,0°07′09″W,-0.11912074,0.3728,94.603°
51°33′33″N,51.55918091,0°11′14″W,-0.18709038,4.3977,324.569°
51°30′10″N,51.50285474,0°03′04″W,-0.05102847,3.3156,95.348°
51°32′05″N,51.53482465,0°10′30″W,-0.17492564,2.7786,313.129°
51°33′17″N,51.55465658,0°05′32″W,-0.09233354,3.607,24.965°
51°28′38″N,51.47734241,0°05′29″W,-0.09137226,2.5987,142.935°
51°28′35″N,51.47652765,0°12′08″W,-0.20217616,3.8463,236.396°
51°32′42″N,51.54492999,0°11′02″W,-0.18394184,3.5472,317.094°
51°32′24″N,51.54004509,0°07′16″W,-0.12098178,2.2784,7.346°
51°31′39″N,51.52760746,0°13′56″W,-0.23230799,4.7095,287.335°
51°32′01″N,51.53368016,0°02′15″W,-0.03751624,4.2864,64.843°
51°27′56″N,51.46551567,0°03′37″W,-0.06035184,4.096,134.879°
51°29′21″N,51.48903378,0°06′13″W,-0.10370343,1.6352,140.723°
51°33′10″N,51.55280226,0°11′22″W,-0.18933612,4.1084,319.899°
51°31′48″N,51.53005463,0°02′54″W,-0.04843333,3.7552,65.269°
51°34′20″N,51.57226334,0°08′02″W,-0.13396424,4.4944,356.599°
51°27′03″N,51.45087349,0°09′04″W,-0.15124829,4.0323,194.532°
51°31′26″N,51.52385207,0°13′56″W,-0.23229472,4.6386,284.274°
51°31′24″N,51.52337731,0°12′17″W,-0.20477954,3.4931,288.518°
51°31′18″N,51.52170131,0°06′56″W,-0.11565457,1.1202,27.69°
51°33′41″N,51.56126598,0°06′13″W,-0.10368416,3.8675,15.514°
51°29′45″N,51.49596713,0°05′51″W,-0.09760251,1.5174,121.222°
51°30′52″N,51.51432953,0°07′36″W,-0.12678005,0.4842,4.986°
51°29′03″N,51.48417962,0°12′14″W,-0.20396996,3.6495,244.001°
51°29′47″N,51.49626207,0°02′44″W,-0.04564871,3.6149,102.208°
51°31′30″N,51.52513521,0°01′05″W,-0.0180228,4.8772,75.36°
51°32′12″N,51.53674763,0°10′15″W,-0.17086733,2.7505,317.638°
51°32′22″N,51.5395609,0°04′37″W,-0.07698983,3.1181,44.421°
51°26′50″N,51.44727674,0°08′10″W,-0.13606571,4.1675,184.926°
51°27′32″N,51.45888156,0°04′12″W,-0.07012637,4.1684,143.459°
51°29′18″N,51.48843799,0°13′49″W,-0.23014611,4.5954,253.514°
51°27′22″N,51.45615097,0°11′41″W,-0.19482683,4.5669,219.233°
51°30′33″N,51.50904196,0°09′57″W,-0.16581539,1.6413,274.098°
51°31′12″N,51.5200187,0°13′39″W,-0.22744974,4.3765,281.579°
51°28′36″N,51.47661086,0°10′47″W,-0.17966166,3.0827,226.452°
51°33′23″N,51.55649524,0°06′35″W,-0.10985407,3.4828,12.763°
51°28′42″N,51.47837694,0°09′29″W,-0.15794017,2.3869,212.978°
51°28′29″N,51.47480565,0°11′58″W,-0.19951744,3.8205,233.958°
51°31′27″N,51.52406132,0°03′52″W,-0.06448011,2.9566,66.981°
51°30′24″N,51.50679858,0°13′00″W,-0.21666505,3.8249,269.463°
51°29′55″N,51.4985949,0°01′54″W,-0.03157392,4.1822,98.283°
51°32′22″N,51.539537,0°05′31″W,-0.09205448,2.703,34.599°
51°26′41″N,51.44460394,0°07′02″W,-0.11708465,4.3611,173.948°
51°31′12″N,51.51999558,0°07′53″W,-0.13133099,0.8874,350.029°
51°30′59″N,51.5165236,0°03′21″W,-0.05591665,3.1546,78.378°
51°30′13″N,51.5035319,0°02′56″W,-0.04881666,3.4064,94.413°
51°33′36″N,51.55986667,0°08′37″W,-0.14371537,3.6939,349.303°
51°29′01″N,51.48370536,0°05′17″W,-0.08794077,2.3678,133.632°
51°29′01″N,51.48354424,0°12′12″W,-0.203458,3.6494,243.229°
51°33′55″N,51.565412,0°09′44″W,-0.16209904,4.2759,339.815°
51°31′56″N,51.53229589,0°08′54″W,-0.14826466,1.9366,332.917°
51°29′52″N,51.49767331,0°03′07″W,-0.05185727,3.3333,101.546°
51°30′57″N,51.51585174,0°13′11″W,-0.21980909,4.0029,278.476°
51°31′27″N,51.52416926,0°05′11″W,-0.08645951,2.1228,56.783°
51°33′07″N,51.55188654,0°12′49″W,-0.2135534,4.8045,309.875°
51°26′42″N,51.44501322,0°09′37″W,-0.16025732,4.53,198.002°
51°28′24″N,51.47329641,0°12′53″W,-0.21464477,4.4183,237.844°
51°30′23″N,51.50635013,0°10′40″W,-0.17785242,2.1561,268.181°
51°30′48″N,51.51337148,0°04′30″W,-0.07503707,2.3057,79.582°
51°31′27″N,51.52428375,0°02′13″W,-0.037058,4.0729,73.265°
51°28′14″N,51.47062228,0°10′20″W,-0.17221673,3.1788,217.023°
51°31′25″N,51.52372325,0°05′52″W,-0.0977847,1.7154,48.713°
51°27′43″N,51.4619718,0°05′33″W,-0.09248751,3.4845,154.159°
51°31′52″N,51.5310591,0°02′14″W,-0.03728625,4.2219,67.127°
51°30′34″N,51.50931053,0°05′20″W,-0.08876707,1.6828,85.368°
51°31′56″N,51.5322703,0°04′26″W,-0.0738969,2.8866,53.347°
51°26′43″N,51.44515892,0°08′06″W,-0.13490321,4.3095,184.096°
51°30′10″N,51.50281372,0°10′28″W,-0.17451263,2.0357,261.157°
51°27′24″N,51.45670992,0°05′16″W,-0.08770813,3.9016,153.763°
51°34′27″N,51.57405242,0°09′44″W,-0.162341,4.8439,342.141°
51°33′36″N,51.56006614,0°09′14″W,-0.15378643,3.8114,342.936°
51°30′18″N,51.50494031,0°03′24″W,-0.05673274,3.0601,93.093°
51°32′10″N,51.53601356,0°11′43″W,-0.19518822,3.5119,304.366°
51°28′34″N,51.47611904,0°12′57″W,-0.21584908,4.3624,240.376°
51°30′02″N,51.50048436,0°07′40″W,-0.12790629,0.4746,180.769°
51°32′15″N,51.53756109,0°05′50″W,-0.09717003,2.4678,32.199°
51°30′39″N,51.51076171,0°02′38″W,-0.04398287,3.6115,86.225°
51°29′57″N,51.49906947,0°03′32″W,-0.05893951,3.0156,100.915°
51°29′41″N,51.49477207,0°00′52″W,-0.01448,4.9507,100.07°
51°31′07″N,51.51853842,0°08′56″W,-0.14899333,1.1967,310.258°
51°32′36″N,51.54323642,0°03′43″W,-0.06203664,3.7602,48.704°
51°28′57″N,51.48251133,0°10′54″W,-0.18174571,2.8886,233.556°
51°31′05″N,51.51794735,0°10′35″W,-0.17651504,2.2214,289.269°
51°27′54″N,51.46501817,0°09′07″W,-0.15200457,3.1064,199.639°
51°28′39″N,51.47760629,0°02′51″W,-0.04753553,4.018,120.743°
51°31′33″N,51.52570357,0°10′29″W,-0.17458538,2.3802,302.221°
51°29′35″N,51.49292522,0°05′43″W,-0.09536204,1.7138,125.564°
51°28′33″N,51.47570014,0°12′18″W,-0.20497516,3.9784,236.672°
51°32′09″N,51.53579881,0°10′02″W,-0.16732981,2.6004,319.139°
51°32′49″N,51.54682721,0°10′42″W,-0.17830394,3.4883,321.479°
51°31′19″N,51.52185286,0°13′31″W,-0.22539464,4.3175,283.462°
51°30′40″N,51.51115914,0°13′39″W,-0.22750797,4.299,273.549°
51°31′54″N,51.53168751,0°03′45″W,-0.06249585,3.2722,59.041°
51°30′13″N,51.5035326,0°05′56″W,-0.09894337,1.2674,102.007°
51°26′58″N,51.4493694,0°07′15″W,-0.12071756,4.0189,175.672°
51°32′53″N,51.54796857,0°05′48″W,-0.09674985,3.1079,25.393°
51°33′59″N,51.56641712,0°06′33″W,-0.10913119,4.1602,11.091°
51°30′32″N,51.50899597,0°02′03″W,-0.03411653,4.0299,88.347°
51°27′30″N,51.4582997,0°12′07″W,-0.20205653,4.6605,223.357°
51°31′44″N,51.52886173,0°11′53″W,-0.19807248,3.3698,296.208°
51°32′47″N,51.54647337,0°02′06″W,-0.03505155,4.817,55.815°
51°31′32″N,51.52549478,0°03′25″W,-0.05698167,3.2923,67.583°
51°26′23″N,51.43985236,0°07′31″W,-0.12529012,4.6664,178.694°
51°27′02″N,51.45055425,0°05′00″W,-0.08343018,4.3647,154.059°
51°34′15″N,51.570712,0°09′31″W,-0.15849188,4.5742,343.224°
51°33′33″N,51.55927773,0°04′17″W,-0.07129294,4.3329,34.053°
51°31′06″N,51.51835878,0°02′08″W,-0.03568936,4.0326,79.089°
51°30′17″N,51.5046393,0°06′38″W,-0.11046821,0.7671,104.135°
51°31′31″N,51.52541633,0°11′36″W,-0.19326295,3.0817,293.928°
51°30′36″N,51.51004774,0°13′38″W,-0.22727996,4.2852,272.532°
51°28′54″N,51.48158085,0°05′10″W,-0.0861009,2.527,134.8°
51°31′45″N,51.52926593,0°09′13″W,-0.15354866,1.8774,323.795°
51°27′01″N,51.45037038,0°10′10″W,-0.16948435,4.3285,204.533°
51°33′43″N,51.56188668,0°11′31″W,-0.1920688,4.6746,323.764°
51°32′49″N,51.54697737,0°07′32″W,-0.12547357,2.7406,2.053°
51°26′58″N,51.44934931,0°05′59″W,-0.09976258,4.1861,163.258°
51°30′38″N,51.51054053,0°13′14″W,-0.22055643,3.998,273.197°
51°32′58″N,51.54947106,0°12′22″W,-0.20614236,4.4536,310.849°
51°29′41″N,51.4948408,0°02′59″W,-0.04974116,3.4662,104.414°
51°27′33″N,51.45907739,0°05′34″W,-0.09266818,3.6624,155.631°
51°31′47″N,51.52959854,0°11′52″W,-0.19784893,3.384,297.053°
51°28′52″N,51.48116143,0°10′30″W,-0.17509568,2.725,228.393°
51°30′33″N,51.50927632,0°02′22″W,-0.03942584,3.8022,87.96°
51°28′39″N,51.47742772,0°10′19″W,-0.17198147,2.8105,222.636°
51°31′16″N,51.52114717,0°10′59″W,-0.18296857,2.559,291.899°
51°32′06″N,51.5351334,0°06′20″W,-0.10544862,2.1466,26.54°
51°32′01″N,51.53359947,0°07′12″W,-0.12013717,1.8436,10.238°
51°28′03″N,51.46746316,0°04′01″W,-0.06689734,3.8028,136.442°
51°32′54″N,51.54836374,0°04′48″W,-0.08008157,3.4983,35.857°
51°33′04″N,51.55102437,0°02′58″W,-0.04956795,4.5183,48.051°
51°30′15″N,51.50425737,0°01′59″W,-0.03318064,4.0744,92.971°
51°31′32″N,51.52564416,0°10′38″W,-0.17726722,2.4765,300.72°
51°30′59″N,51.5164928,0°07′40″W,-0.12765431,0.6319,0.406°
51°31′23″N,51.52315836,0°06′16″W,-0.10447539,1.4821,42.499°
51°32′10″N,51.53620323,0°10′29″W,-0.17458719,2.8341,314.736°
51°31′22″N,51.52283036,0°09′43″W,-0.16205252,1.8222,305.968°
51°27′37″N,51.46041347,0°11′29″W,-0.19136561,4.2449,220.186°
51°32′29″N,51.54135717,0°12′21″W,-0.20580943,4.0975,305.033°
51°31′20″N,51.52214059,0°06′00″W,-0.09988606,1.5755,49.536°
51°31′05″N,51.51804907,0°01′43″W,-0.02870527,4.3243,80.116°
51°29′17″N,51.48817366,0°12′13″W,-0.20367174,3.5251,247.943°
51°26′40″N,51.44455879,0°08′35″W,-0.14317224,4.3904,188.699°
51°32′40″N,51.54452597,0°02′57″W,-0.04918601,4.2447,52.717°
51°32′26″N,51.54057,0°07′46″W,-0.12957955,2.2973,358.047°
51°30′19″N,51.5051907,0°10′02″W,-0.16732491,1.7087,265.003°
51°31′46″N,51.52955872,0°05′40″W,-0.09439339,2.1012,43.059°
51°31′47″N,51.52961986,0°11′34″W,-0.19277642,3.1919,298.855°
51°31′40″N,51.52783518,0°12′18″W,-0.20496033,3.6096,293.123°
51°33′48″N,51.56337576,0°08′14″W,-0.13729224,3.8938,353.961°
51°27′39″N,51.46095063,0°05′10″W,-0.08621382,3.6718,150.841°
51°28′54″N,51.48167293,0°03′05″W,-0.05141173,3.734,118.349°
51°29′24″N,51.49000238,0°04′36″W,-0.07653342,2.5091,118.527°
51°29′36″N,51.49330021,0°04′29″W,-0.07465995,2.4824,113.009°
51°28′59″N,51.48317721,0°02′05″W,-0.03466755,4.3402,112.605°
51°30′07″N,51.50190861,0°01′25″W,-0.02355702,4.4986,94.756°
51°30′23″N,51.50643536,0°01′50″W,-0.03066436,4.1774,90.83°
51°31′57″N,51.53241879,0°10′02″W,-0.1670945,2.4215,315.699°
51°30′48″N,51.5133807,0°04′12″W,-0.06995548,2.5211,80.462°
51°33′35″N,51.55973161,0°04′48″W,-0.07991527,4.1639,29.585°
51°29′44″N,51.49557508,0°13′21″W,-0.22244076,4.1542,258.738°
51°32′22″N,51.53932995,0°11′01″W,-0.18371792,3.2675,312.588°
51°32′06″N,51.53499621,0°10′33″W,-0.17575569,2.8128,312.808°
51°30′09″N,51.50254332,0°02′26″W,-0.04067875,3.761,95.035°
51°31′03″N,51.51758478,0°13′15″W,-0.22088735,4.0678,280.05°
51°27′57″N,51.46592564,0°12′48″W,-0.21323157,4.6615,232.139°
51°31′37″N,51.52707023,0°11′25″W,-0.19041233,3.0198,296.854°
51°28′30″N,51.47491647,0°10′30″W,-0.17512149,3.0298,222.296°
51°31′57″N,51.53246008,0°09′51″W,-0.1642248,2.3391,317.91°
51°27′11″N,51.45307798,0°03′57″W,-0.06588598,4.6004,144.601°
51°30′40″N,51.51107299,0°05′23″W,-0.08958764,1.662,81.081°
51°26′42″N,51.44503581,0°07′44″W,-0.12879373,4.3072,180.593°
51°29′55″N,51.49849131,0°14′17″W,-0.23811439,4.7872,262.694°
51°28′31″N,51.47527134,0°13′17″W,-0.22152617,4.6042,241.249°
51°34′15″N,51.57078002,0°08′16″W,-0.13786299,4.4054,354.345°
51°28′53″N,51.48132711,0°13′34″W,-0.22599101,4.5938,246.988°
51°33′42″N,51.56172795,0°12′15″W,-0.20413811,4.9908,318.885°
51°30′01″N,51.50017535,0°08′41″W,-0.14469891,0.8816,235.772°
51°30′57″N,51.51574963,0°04′12″W,-0.06993201,2.5542,76.841°
51°30′03″N,51.50096874,0°12′00″W,-0.19998001,3.1383,261.948°
51°29′10″N,51.48617001,0°04′32″W,-0.07544873,2.685,123.02°
51°28′08″N,51.46889936,0°06′42″W,-0.11178748,2.7451,165.493°
51°32′04″N,51.53451005,0°11′51″W,-0.19758447,3.5414,302.037°
51°29′15″N,51.48759213,0°06′17″W,-0.10459865,1.6906,143.873°
51°32′27″N,51.54084684,0°03′22″W,-0.05614525,3.8527,53.038°
51°28′35″N,51.47648069,0°04′21″W,-0.07253248,3.1938,131.895°
51°27′26″N,51.45726881,0°04′49″W,-0.0802377,4.0206,149.402°
51°28′23″N,51.47300148,0°03′58″W,-0.06612602,3.5597,131.807°
51°30′54″N,51.51498749,0°04′06″W,-0.06839679,2.6074,78.298°
51°28′07″N,51.46852204,0°08′30″W,-0.14179966,2.7509,192.695°
51°30′54″N,51.51499483,0°01′11″W,-0.0196443,4.6805,83.476°
51°28′06″N,51.46828028,0°13′07″W,-0.21861685,4.7521,235.407°
51°31′06″N,51.51823872,0°09′09″W,-0.15255328,1.3053,305.216°
51°30′47″N,51.51297196,0°07′07″W,-0.1187151,0.5498,45.033°
51°27′51″N,51.46408116,0°09′10″W,-0.15275055,3.1782,199.792°
51°29′45″N,51.49587505,0°03′40″W,-0.06111905,2.9748,105.438°
51°30′23″N,51.5062922,0°13′23″W,-0.22310971,4.1026,269.015°
51°30′56″N,51.51560459,0°04′57″W,-0.08254071,2.027,73.636°
51°30′09″N,51.50251241,0°14′32″W,-0.24224005,4.9365,266.16°
51°31′37″N,51.52695884,0°12′01″W,-0.20023196,3.3989,293.527°
51°32′52″N,51.54780211,0°11′51″W,-0.19762684,4.104,312.969°
51°32′05″N,51.53474383,0°02′44″W,-0.04562525,4.0076,61.776°
51°30′16″N,51.50453645,0°05′09″W,-0.08595052,1.8091,96.156°
51°32′48″N,51.54657117,0°03′25″W,-0.05684075,4.0801,48.338°
51°26′16″N,51.43768536,0°07′25″W,-0.12369531,4.8182,177.918°
51°27′23″N,51.45635421,0°10′54″W,-0.18155459,4.2172,213.324°
51°29′37″N,51.49362993,0°08′28″W,-0.14110515,1.1087,211.202°
51°33′02″N,51.55051963,0°03′45″W,-0.062377,4.0995,43.271°
51°28′20″N,51.4722628,0°09′02″W,-0.15045587,2.6145,201.947°
51°32′11″N,51.53632629,0°07′17″W,-0.12130309,2.0218,7.889°
51°29′04″N,51.48454478,0°08′26″W,-0.14056113,1.6698,199.269°
51°27′16″N,51.45457657,0°11′40″W,-0.19450718,4.6432,218.253°
51°31′02″N,51.51716126,0°01′14″W,-0.02050511,4.663,81.597°
51°27′23″N,51.45642913,0°11′35″W,-0.19309728,4.5052,218.653°
51°26′16″N,51.43775515,0°06′51″W,-0.11412306,4.8459,173.037°
51°33′13″N,51.55350336,0°08′08″W,-0.13543872,3.2069,354.092°
51°30′23″N,51.506304,0°09′44″W,-0.16227015,1.4864,267.223°
51°32′51″N,51.54760529,0°08′12″W,-0.13676594,2.8091,352.078°
51°30′45″N,51.51248754,0°09′45″W,-0.16252222,1.537,283.369°
