51°30′04″N,51.50120598,0°00′55″W,-0.01520869,4.8607,94.969°
51°36′40″N,51.61109595,0°06′09″W,-0.10253475,7.2519,8.586°
51°34′08″N,51.56898494,0°25′22″W,-0.42275639,13.3782,288.683°
51°38′33″N,51.64253677,0°07′59″W,-0.13301905,9.3462,358.617°
51°40′04″N,51.6679099,0°17′43″W,-0.29537024,13.2271,327.098°
51°31′38″N,51.52731726,0°03′01″E,0.05035443,7.7838,79.718°
51°23′19″N,51.38849002,0°18′16″W,-0.30431225,11.1949,222.86°
51°20′58″N,51.34952857,0°01′47″W,-0.02980781,11.6963,158.807°
51°21′21″N,51.35572677,0°05′58″W,-0.0993525,10.5509,173.327°
51°42′35″N,51.70974208,0°08′09″W,-0.13589376,13.9928,358.573°
51°40′37″N,51.6769324,0°14′15″W,-0.23750335,12.6326,338.141°
51°24′22″N,51.40599645,0°05′04″W,-0.08443552,7.2494,165.069°
51°30′51″N,51.51427419,0°10′50″W,-0.18055858,2.3211,281.918°
51°33′44″N,51.56225832,0°00′57″E,0.01571756,7.2423,58.343°
51°32′37″N,51.54352521,0°12′00″W,-0.20012984,3.992,308.806°
51°28′51″N,51.48077665,0°12′26″E,0.20725693,14.5327,97.13°
51°29′48″N,51.49669159,0°08′17″E,0.138046,11.4596,93.582°
51°28′44″N,51.47880214,0°04′48″W,-0.07986781,2.8532,133.736°
51°31′30″N,51.52507186,0°09′52″E,0.16434182,12.6229,84.318°
51°42′01″N,51.70025995,0°16′03″W,-0.26740369,14.6187,335.846°
51°34′46″N,51.57949153,0°01′29″E,0.02466462,8.2333,52.669°
51°37′03″N,51.61760644,0°24′23″W,-0.40632238,14.189,302.593°
51°31′11″N,51.51969292,0°09′17″W,-0.15468444,1.4384,306.383°
51°28′12″N,51.47007342,0°08′04″E,0.13447664,11.576,102.757°
51°33′14″N,51.55397693,0°21′30″W,-0.35837151,10.4262,288.095°
51°23′43″N,51.39528841,0°08′30″E,0.1416151,13.9501,123.62°
51°22′13″N,51.3701831,0°03′05″W,-0.05131822,10.0362,160.814°
51°34′08″N,51.56901136,0°12′54″W,-0.21490052,5.6742,318.717°
51°28′29″N,51.47484127,0°18′01″W,-0.30039753,7.7617,253.24°
51°34′54″N,51.58162495,0°26′25″W,-0.44039415,14.3854,291.03°
51°40′53″N,51.68134181,0°02′54″E,0.04838856,14.2062,32.098°
51°41′30″N,51.69180179,0°11′07″W,-0.18520065,12.9848,349.074°
51°30′42″N,51.51170349,0°07′28″W,-0.12444141,0.333,25.373°
51°41′39″N,51.69404657,0°04′39″W,-0.07738896,13.0836,9.493°
51°34′31″N,51.57531188,0°22′38″W,-0.37735752,11.7126,293.741°
51°30′34″N,51.50939594,0°06′16″E,0.10451836,9.993,89.099°
51°28′29″N,51.47482641,0°01′49″E,0.03025827,7.162,108.231°
51°35′25″N,51.59015962,0°18′11″W,-0.30292437,9.4571,307.312°
51°36′11″N,51.60305892,0°08′43″W,-0.14527618,6.6577,353.514°
51°26′59″N,51.44983378,0°13′17″W,-0.22126005,5.6571,225.391°
51°29′24″N,51.49008428,0°04′06″E,0.06822257,8.5165,97.979°
51°33′33″N,51.55912443,0°07′24″W,-0.12325698,3.5836,3.094°
51°42′48″N,51.71324688,0°06′03″W,-0.10080782,14.2776,4.637°
51°29′10″N,51.48597482,0°21′30″W,-0.35832123,10.0303,261.62°
51°28′35″N,51.47642719,0°26′05″W,-0.43476275,13.3832,260.931°
51°24′20″N,51.40542356,0°09′24″W,-0.15657033,7.1533,190.001°
51°19′08″N,51.31875046,0°10′30″W,-0.17499635,13.1934,188.897°
51°24′26″N,51.40732285,0°05′46″E,0.09612288,11.8642,125.555°
51°28′04″N,51.46775165,0°01′26″E,0.02390664,7.0779,112.689°
51°31′02″N,51.51715075,0°10′55″E,0.18183058,13.3339,86.967°
51°36′55″N,51.61534459,0°04′23″E,0.07298354,11.4066,49.05°
51°37′55″N,51.63186642,0°04′33″E,0.07595601,12.2741,45.401°
51°28′27″N,51.474139,0°10′04″E,0.16782572,12.9258,100.114°
51°34′53″N,51.58135565,0°13′27″W,-0.22428483,6.5861,320.99°
51°27′40″N,51.46100262,0°00′01″W,-0.00026385,6.354,120.225°
51°25′51″N,51.4307596,0°14′41″W,-0.24480915,7.309,223.637°
51°28′43″N,51.47870724,0°03′41″E,0.06125229,8.371,103.606°
51°38′39″N,51.64420007,0°20′30″W,-0.34166586,13.1866,315.914°
51°25′45″N,51.42907559,0°08′33″W,-0.14242257,5.4468,186.662°
51°30′54″N,51.51510804,0°06′46″E,0.11271698,10.358,86.939°
51°34′49″N,51.58038454,0°06′28″W,-0.10791453,5.1194,9.583°
51°30′34″N,51.5095106,0°11′27″E,0.19071776,13.7009,89.251°
51°29′06″N,51.48489622,0°11′10″W,-0.1860194,2.9485,238.262°
51°42′07″N,51.7019466,0°01′30″W,-0.02492593,14.1555,18.13°
51°25′56″N,51.43230336,0°05′47″W,-0.0963546,5.3603,165.378°
51°41′05″N,51.68480039,0°05′48″W,-0.09671827,12.3368,6.189°
51°37′51″N,51.63086228,0°09′08″E,0.15218004,14.748,54.522°
51°27′52″N,51.4645581,0°10′29″E,0.17468339,13.3486,102.683°
51°40′25″N,51.67369848,0°14′14″W,-0.23713128,12.4195,337.823°
51°36′42″N,51.61158196,0°11′50″W,-0.19727012,7.7987,337.508°
51°39′23″N,51.65647984,0°08′40″W,-0.14453443,10.3324,356.008°
51°31′39″N,51.52760019,0°14′41″W,-0.24474759,5.2226,285.59°
51°31′15″N,51.52080742,0°19′17″W,-0.3214949,8.3848,276.444°
51°32′20″N,51.53900505,0°18′39″W,-0.31091094,8.1745,285.595°
51°40′20″N,51.6723459,0°12′43″W,-0.21184635,11.9618,342.463°
51°41′20″N,51.68895737,0°04′04″W,-0.06780403,12.8131,11.565°
51°37′47″N,51.62983759,0°08′26″W,-0.14049194,8.4834,356.308°
51°35′56″N,51.59891843,0°10′33″E,0.17591013,14.5039,64.01°
51°21′50″N,51.3638279,0°22′00″W,-0.36671512,14.297,226.159°
51°29′57″N,51.49925032,0°12′15″W,-0.20414523,3.3337,260.362°
51°34′06″N,51.56831898,0°23′58″W,-0.39941051,12.4153,289.947°
51°39′30″N,51.65827114,0°15′48″W,-0.26346105,11.9487,330.86°
51°33′30″N,51.55824363,0°08′56″E,0.14902026,12.409,73.425°
51°37′50″N,51.63043738,0°13′04″W,-0.21788926,9.347,335.563°
51°26′01″N,51.43371305,0°07′05″W,-0.11815904,5.1063,175.354°
51°23′40″N,51.39441661,0°05′17″W,-0.08806878,7.9906,167.631°
51°39′27″N,51.65759924,0°11′44″W,-0.19550653,10.7845,344.374°
51°29′49″N,51.49682801,0°06′08″E,0.1021687,9.919,94.115°
51°21′29″N,51.35814752,0°01′54″E,0.03158856,12.389,146.281°
51°35′53″N,51.59815427,0°01′54″W,-0.03172483,7.5114,33.292°
51°24′13″N,51.4036928,0°12′02″W,-0.20050698,7.8196,203.649°
51°22′16″N,51.37114095,0°02′46″W,-0.04603972,10.0511,159.464°
51°24′22″N,51.40609304,0°18′03″W,-0.30094141,10.2278,226.89°
51°39′30″N,51.65824933,0°11′33″W,-0.19249211,10.7937,345.099°
51°24′23″N,51.40636088,0°22′58″W,-0.38282493,13.0149,237.667°
51°26′39″N,51.44406829,0°10′10″W,-0.16955406,4.7295,202.377°
51°21′34″N,51.35941159,0°14′36″W,-0.24322577,11.3712,205.992°
51°24′15″N,51.40408871,0°07′11″E,0.1198366,12.8313,123.698°
51°27′04″N,51.45103234,0°16′54″W,-0.28176221,7.6875,239.64°
51°30′48″N,51.51329544,0°09′14″W,-0.15376942,1.1919,290.174°
51°41′24″N,51.68996356,0°04′44″W,-0.07890674,12.7945,9.416°
51°30′29″N,51.50805357,0°10′26″E,0.17399808,12.9812,89.668°
51°36′45″N,51.61244786,0°09′44″E,0.16210384,14.4185,59.636°
51°35′01″N,51.5837449,0°26′16″W,-0.43778468,14.3337,291.736°
51°34′44″N,51.57894465,0°08′23″W,-0.13958365,4.9743,354.139°
51°34′47″N,51.5797809,0°20′24″W,-0.34006157,10.4087,298.831°
51°22′08″N,51.36882457,0°03′50″W,-0.06389227,9.9619,163.941°
51°38′42″N,51.64505086,0°03′25″E,0.05692657,12.3899,39.74°
51°34′23″N,51.57315843,0°03′30″E,0.05841561,9.2054,60.317°
51°42′16″N,51.70439295,0°12′28″W,-0.20791185,14.0467,345.853°
51°29′40″N,51.49441764,0°23′01″W,-0.38370762,11.0484,265.459°
51°31′47″N,51.52979302,0°00′29″W,-0.00812759,5.3738,73.177°
51°19′06″N,51.31834757,0°14′09″W,-0.23595786,13.8709,199.692°
51°27′09″N,51.45238238,0°01′22″E,0.02282098,7.513,120.318°
51°31′39″N,51.52741763,0°27′48″W,-0.46327606,14.4969,275.621°
51°34′49″N,51.58027643,0°13′52″W,-0.23109317,6.7182,318.652°
51°41′15″N,51.68738259,0°19′02″W,-0.31721512,14.8658,326.901°
51°35′30″N,51.59170329,0°18′33″W,-0.30921999,9.7373,306.851°
51°33′58″N,51.56611022,0°10′40″W,-0.17775035,4.5948,332.132°
51°32′34″N,51.54270178,0°12′50″W,-0.21381387,4.4344,303.469°
51°33′59″N,51.56648178,0°06′29″E,0.10792485,10.9254,67.941°
51°19′39″N,51.32761248,0°14′05″W,-0.23465021,13.2497,200.391°
51°22′23″N,51.37303574,0°12′52″W,-0.21452336,10.0076,201.967°
51°31′15″N,51.52096369,0°11′25″W,-0.19029828,2.8498,289.302°
51°18′27″N,51.30760714,0°15′37″W,-0.26035506,14.9423,202.546°
51°31′19″N,51.52196059,0°04′37″E,0.07690052,8.8605,83.376°
51°27′54″N,51.46487268,0°25′59″W,-0.4331562,13.4679,257.528°
51°19′50″N,51.33068611,0°18′32″W,-0.30885038,14.492,212.659°
51°22′17″N,51.37135943,0°21′20″W,-0.35568634,13.5931,226.343°
51°31′21″N,51.52256895,0°01′04″W,-0.01786164,4.8424,77.412°
51°26′37″N,51.44363619,0°27′14″W,-0.45400972,14.7189,252.719°
51°32′12″N,51.53659263,0°17′45″W,-0.29573163,7.5011,285.696°
51°25′11″N,51.41972513,0°05′45″E,0.09586246,11.3754,122.081°
51°22′57″N,51.38243434,0°09′01″W,-0.15026684,8.688,186.417°
51°33′24″N,51.55670994,0°05′10″E,0.08617367,9.8104,69.567°
51°27′42″N,51.46157919,0°15′32″W,-0.25900005,6.4742,240.8°
51°32′23″N,51.53981594,0°10′00″W,-0.16659565,2.7972,323.354°
51°37′05″N,51.61802177,0°01′07″E,0.01861165,9.9026,39.369°
51°24′21″N,51.40579218,0°20′35″W,-0.34301369,11.628,232.952°
51°29′18″N,51.48839647,0°08′08″W,-0.13551908,1.3519,194.303°
51°27′14″N,51.45378525,0°13′07″W,-0.21874975,5.3895,226.648°
51°31′09″N,51.51924813,0°11′58″W,-0.19938353,3.1887,284.972°
51°35′51″N,51.59744929,0°03′58″W,-0.06622329,6.7655,22.986°
51°26′40″N,51.444329,0°02′41″W,-0.04467073,5.6362,140.576°
51°31′44″N,51.52900698,0°22′47″W,-0.37964277,10.9361,277.965°
51°39′12″N,51.65334149,0°14′40″W,-0.24457645,11.2689,333.607°
51°26′05″N,51.43483427,0°14′39″W,-0.24404495,7.0842,225.014°
51°23′58″N,51.39936985,0°14′43″W,-0.245367,9.0198,214.211°
51°27′57″N,51.46578922,0°01′55″E,0.03192916,7.4489,112.621°
51°39′36″N,51.66009976,0°07′34″W,-0.12614061,10.5576,0.376°
51°18′32″N,51.30895517,0°09′35″W,-0.15984107,13.7819,185.772°
51°28′22″N,51.47266949,0°01′48″W,-0.03011498,4.8377,119.664°
51°28′39″N,51.47743196,0°15′22″W,-0.25622908,5.9026,249.542°
51°29′58″N,51.49956531,0°10′16″E,0.17101529,12.8652,92.28°
51°20′36″N,51.34340561,0°03′52″E,0.06441798,14.0353,143.762°
51°37′31″N,51.62533338,0°06′08″W,-0.10234765,8.2272,7.615°
51°27′44″N,51.4621589,0°20′02″W,-0.3339811,9.4094,250.693°
51°25′28″N,51.42447776,0°21′22″W,-0.35614966,11.3805,239.871°
51°22′04″N,51.36768533,0°17′45″W,-0.29586042,12.0681,216.946°
51°32′55″N,51.54873711,0°03′44″E,0.06221944,8.6552,70.627°
51°28′56″N,51.48210772,0°02′40″E,0.04445354,7.613,103.181°
51°20′35″N,51.3431364,0°06′51″W,-0.11411324,11.3651,177.029°
51°34′02″N,51.56724201,0°02′41″E,0.04460692,8.4879,60.744°
51°30′45″N,51.51247165,0°19′30″W,-0.32498543,8.4914,272.466°
51°29′04″N,51.4844673,0°11′23″E,0.18963576,13.7486,96.482°
51°32′41″N,51.54469553,0°02′24″W,-0.04003217,4.5708,55.585°
51°22′58″N,51.38284638,0°19′29″W,-0.32467055,12.0832,224.665°
51°25′37″N,51.42695173,0°05′40″W,-0.09433788,5.7402,165.469°
51°26′48″N,51.4465749,0°06′11″W,-0.10308521,4.3328,165.801°
51°28′23″N,51.47297801,0°26′38″W,-0.44398241,13.8145,260.221°
51°36′19″N,51.60534907,0°07′50″E,0.13061836,13.006,58.514°
51°26′18″N,51.4384633,0°09′05″E,0.15127705,12.922,111.512°
51°33′32″N,51.55892626,0°06′46″W,-0.11288983,3.6216,10.161°
51°20′10″N,51.3360928,0°01′39″W,-0.02763175,12.5988,159.93°
51°29′46″N,51.49608557,0°27′42″W,-0.46173504,14.3901,267.029°
51°33′15″N,51.55410216,0°27′11″W,-0.4529804,14.3519,283.139°
51°39′36″N,51.66009746,0°02′35″W,-0.04308322,11.166,18.973°
51°37′03″N,51.61755281,0°00′19″E,0.00525228,9.5224,36.83°
51°28′12″N,51.47002965,0°06′30″E,0.10831253,10.482,104.154°
51°27′38″N,51.46041734,0°03′31″E,0.05871721,8.6568,111.934°
51°42′00″N,51.70006489,0°13′03″W,-0.2175824,13.8665,343.89°
51°34′00″N,51.56669249,0°02′42″E,0.04501768,8.4849,61.026°
51°37′54″N,51.63161607,0°04′27″W,-0.07428043,8.8907,14.955°
51°17′49″N,51.29706511,0°04′28″W,-0.07446042,14.7147,170.994°
51°28′24″N,51.4733112,0°02′59″W,-0.04985207,4.0958,125.028°
51°26′29″N,51.44126011,0°08′05″E,0.13465171,12.1853,111.914°
51°32′04″N,51.53443807,0°00′56″W,-0.01551353,5.1775,68.758°
51°34′32″N,51.57549172,0°23′21″W,-0.38906211,12.1799,292.85°
51°30′12″N,51.50327706,0°12′03″E,0.20086892,14.1406,91.012°
51°38′13″N,51.63698017,0°09′40″W,-0.16101942,9.0727,350.952°
51°38′41″N,51.64472588,0°19′19″W,-0.32183217,12.635,318.794°
51°31′04″N,51.51778247,0°03′16″E,0.05441586,7.8691,84.672°
51°19′43″N,51.32852036,0°11′32″W,-0.19215984,12.6679,192.683°
51°26′33″N,51.44237672,0°13′22″W,-0.22269856,6.0722,222.343°
51°23′02″N,51.38381765,0°04′04″E,0.06766088,11.9901,135.329°
51°40′27″N,51.67423385,0°02′16″W,-0.03777802,12.1642,18.485°
51°39′06″N,51.65172425,0°07′12″E,0.12008277,14.5906,46.754°
51°19′05″N,51.31810041,0°05′23″W,-0.0898216,13.1821,172.859°
51°25′59″N,51.43309958,0°00′57″E,0.01569648,8.0302,129.668°
51°34′24″N,51.57334368,0°01′05″W,-0.01808794,6.5598,45.904°
51°42′33″N,51.70929654,0°02′43″W,-0.04522198,14.4003,14.21°
51°37′48″N,51.6300503,0°05′19″E,0.08855316,12.5808,47.533°
51°41′47″N,51.69628155,0°10′10″W,-0.16932988,13.1795,352.234°
51°27′44″N,51.46231178,0°00′35″E,0.00960032,6.6814,117.715°
51°38′48″N,51.64653667,0°14′24″W,-0.24001866,10.7608,333.422°
51°29′58″N,51.49947737,0°11′40″E,0.19446052,13.8733,92.122°
51°31′32″N,51.52546495,0°27′46″W,-0.46284207,14.4663,275.096°
51°22′21″N,51.37250486,0°20′55″W,-0.3485995,13.3186,225.678°
51°39′55″N,51.66541416,0°03′20″E,0.05565032,13.4679,35.718°
51°30′28″N,51.50768728,0°04′18″W,-0.07174835,2.4096,89.425°
51°33′18″N,51.55502426,0°08′10″E,0.1360186,11.8104,73.697°
51°29′14″N,51.48733015,0°00′29″W,-0.00808079,5.3322,104.994°
51°37′22″N,51.62269386,0°03′17″W,-0.05470988,8.5676,21.46°
51°29′08″N,51.48555408,0°24′57″W,-0.41578113,12.4846,263.182°
51°30′24″N,51.50655912,0°28′33″W,-0.47583499,14.9741,269.927°
51°18′44″N,51.31229351,0°00′36″W,-0.00989828,14.4073,159.303°
51°26′21″N,51.43909712,0°22′43″W,-0.37851027,11.7809,246.493°
51°31′29″N,51.5246892,0°16′13″W,-0.27026939,6.2455,281.118°
51°26′26″N,51.44048755,0°09′59″W,-0.16652249,4.9134,199.87°
51°31′59″N,51.53323784,0°00′44″W,-0.01221604,5.2814,70.152°
51°37′08″N,51.61895344,0°08′10″W,-0.13611908,7.7219,357.337°
51°35′11″N,51.58640978,0°07′16″E,0.12121415,12.0155,62.853°
51°30′50″N,51.51390901,0°02′52″W,-0.04784855,3.4671,82.457°
51°24′03″N,51.40069532,0°18′24″W,-0.30665448,10.6633,226.336°
51°39′57″N,51.66591591,0°01′54″E,0.03169407,12.9227,31.935°
51°34′41″N,51.57792841,0°04′41″E,0.07796667,10.0994,61.038°
51°40′32″N,51.67560766,0°04′30″E,0.0750819,14.5293,36.752°
51°21′44″N,51.36224212,0°04′27″E,0.0743055,13.2811,138.96°
51°20′58″N,51.34932974,0°10′33″W,-0.17575433,11.1159,190.742°
51°29′45″N,51.49586819,0°07′37″W,-0.12683089,0.7946,177.121°
51°39′15″N,51.65420138,0°14′31″W,-0.2420209,11.2739,334.24°
51°26′28″N,51.44121077,0°10′40″E,0.17772162,13.9228,109.048°
51°27′41″N,51.46132651,0°07′24″E,0.12334002,11.2658,106.303°
51°20′03″N,51.33421422,0°03′32″E,0.05895449,14.4208,146.006°
51°39′15″N,51.65418677,0°14′25″W,-0.24027714,11.2406,334.581°
51°41′45″N,51.69586263,0°16′08″W,-0.26895928,14.3702,335.105°
51°29′08″N,51.48558996,0°21′10″W,-0.35283813,9.8011,261.261°
51°19′23″N,51.32297793,0°01′21″E,0.02241378,14.293,153.012°
51°27′01″N,51.45018383,0°18′20″W,-0.30562686,8.6159,242.773°
51°35′56″N,51.59897462,0°24′43″W,-0.41189229,13.7552,297.523°
51°33′20″N,51.55545394,0°05′16″W,-0.0876508,3.7453,27.399°
51°30′43″N,51.51189543,0°04′42″W,-0.07838743,2.1469,81.568°
51°42′56″N,51.71559361,0°09′24″W,-0.1566225,14.4461,355.092°
51°37′34″N,51.62613849,0°06′45″W,-0.11252055,8.2362,4.553°
51°32′58″N,51.54957378,0°26′52″W,-0.44769504,14.063,282.102°
51°41′25″N,51.6902382,0°14′41″W,-0.24476175,13.602,338.373°
51°18′59″N,51.31641685,0°03′13″W,-0.05350879,13.5792,166.337°
51°38′11″N,51.63651201,0°05′18″E,0.08826769,12.8768,46.026°
51°26′39″N,51.44405248,0°03′31″W,-0.05872309,5.2889,145.785°
51°28′16″N,51.47100549,0°03′57″E,0.06592787,8.7058,106.695°
51°33′40″N,51.5611003,0°24′00″W,-0.39997285,12.2789,287.717°
51°31′21″N,51.52239129,0°12′30″E,0.2082919,14.4914,85.755°
51°31′17″N,51.52136962,0°01′28″W,-0.02432253,4.5533,77.673°
51°30′17″N,51.50475525,0°27′24″W,-0.45667164,14.151,269.402°
51°19′55″N,51.33198022,0°14′24″W,-0.24012551,13.0527,201.824°
51°43′11″N,51.71959109,0°05′19″W,-0.08859456,14.7652,6.521°
51°40′20″N,51.67211165,0°18′12″W,-0.30342217,13.6593,326.548°
51°29′17″N,51.48800341,0°10′37″E,0.17694134,13.1786,95.705°
51°28′10″N,51.46942482,0°18′10″W,-0.30279213,7.9759,250.882°
51°37′40″N,51.62782451,0°23′46″W,-0.39615896,14.2231,305.939°
51°38′37″N,51.64357782,0°16′06″W,-0.26831596,11.185,327.385°
51°36′21″N,51.6057989,0°19′18″W,-0.32166144,10.7577,309.311°
51°29′37″N,51.49360504,0°20′21″W,-0.33906282,9.1409,264.117°
51°43′04″N,51.71764713,0°05′11″W,-0.08636143,14.643,6.953°
51°29′53″N,51.49793849,0°03′27″E,0.05738732,7.9921,94.597°
51°38′41″N,51.64475493,0°01′05″E,0.0179995,11.3749,33.338°
51°31′25″N,51.52347794,0°11′25″E,0.19025077,13.7233,85.217°
51°34′16″N,51.5712223,0°10′27″W,-0.17413326,4.8438,335.714°
51°34′19″N,51.5720231,0°20′31″W,-0.34202428,10.2382,295.97°
51°29′53″N,51.49807012,0°01′04″W,-0.01777648,4.775,97.677°
51°41′09″N,51.68578117,0°16′47″W,-0.27962399,13.95,332.194°
51°30′12″N,51.50338906,0°04′16″E,0.07115464,8.5617,91.755°
51°34′40″N,51.57785637,0°18′03″W,-0.30086792,8.8948,303.288°
51°22′32″N,51.3756343,0°15′55″W,-0.26529222,10.8621,213.112°
51°25′01″N,51.41683262,0°14′05″W,-0.2346928,7.7682,216.396°
51°26′22″N,51.43937531,0°24′07″W,-0.40187871,12.7019,248.399°
51°33′32″N,51.5589076,0°08′41″E,0.14467034,12.243,72.972°
51°29′47″N,51.49636916,0°26′37″W,-0.44370334,13.6144,266.928°
51°25′10″N,51.41936506,0°07′04″E,0.11790166,12.2016,119.798°
51°36′43″N,51.6119303,0°09′36″E,0.15986114,14.3173,59.566°
51°29′10″N,51.4861573,0°04′14″E,0.07052844,8.6569,99.664°
51°30′53″N,51.51478393,0°22′45″W,-0.37908615,10.8231,272.819°
51°25′35″N,51.42652244,0°09′03″E,0.15072545,13.2282,114.872°
51°35′16″N,51.58770424,0°11′06″W,-0.1849539,6.0735,336.146°
51°31′27″N,51.52421374,0°17′16″W,-0.28773086,6.9786,279.677°
51°32′59″N,51.55001939,0°07′27″W,-0.12417955,2.9531,2.986°
51°23′35″N,51.39303667,0°00′23″W,-0.00652372,9.4706,146.491°
51°24′32″N,51.40901277,0°21′14″W,-0.35398367,11.879,235.187°
51°19′30″N,51.32512469,0°03′26″E,0.05721167,14.9063,147.592°
51°28′07″N,51.46873274,0°02′43″W,-0.04540599,4.4368,126.951°
51°28′15″N,51.47086737,0°27′47″W,-0.4631236,14.6514,260.221°
51°23′09″N,51.38586273,0°06′37″E,0.11035494,13.2556,129.212°
51°38′59″N,51.64984768,0°12′52″W,-0.21437471,10.528,339.34°
51°21′58″N,51.36622201,0°08′28″W,-0.14124832,9.7716,183.415°
51°29′35″N,51.49313415,0°28′09″W,-0.46925124,14.7257,266.308°
51°33′14″N,51.55401879,0°08′05″E,0.13466824,11.7355,73.944°
51°35′24″N,51.5898767,0°20′14″W,-0.33711245,10.6535,302.453°
51°28′26″N,51.4739384,0°25′28″W,-0.42456001,12.9798,259.868°
51°28′06″N,51.46828736,0°01′35″W,-0.02635421,5.1318,121.704°
51°32′52″N,51.54764755,0°16′50″W,-0.28060343,7.1381,293.026°
51°37′40″N,51.627729,0°18′28″W,-0.3077132,11.3576,317.171°
51°34′05″N,51.56802446,0°08′04″W,-0.13441533,4.2033,356.099°
51°33′17″N,51.55480615,0°05′00″E,0.08339512,9.6531,70.054°
51°29′45″N,51.49571115,0°05′24″E,0.08993421,9.4005,94.824°
51°25′23″N,51.42297438,0°05′43″W,-0.09523126,5.9976,166.483°
51°40′46″N,51.67933469,0°04′50″E,0.08056664,14.8765,36.88°
51°29′50″N,51.4971188,0°00′22″W,-0.00604366,5.2841,97.644°
51°27′40″N,51.46099363,0°16′25″W,-0.27347453,7.0427,242.996°
51°29′48″N,51.49662484,0°13′53″W,-0.23125066,4.5139,260.588°
51°41′37″N,51.69365971,0°17′55″W,-0.29863895,14.82,330.397°
51°26′24″N,51.44007059,0°19′04″W,-0.3177628,9.4092,240.456°
51°30′01″N,51.50024419,0°10′33″E,0.1758749,13.0722,92.035°
51°24′35″N,51.40966467,0°03′46″E,0.06278003,10.6262,129.374°
51°22′45″N,51.37919379,0°03′13″W,-0.05349385,9.4178,160.112°
51°42′29″N,51.70818198,0°02′39″W,-0.04416543,14.3369,14.461°
51°25′42″N,51.42835687,0°17′34″W,-0.29267098,8.9569,232.507°
51°31′33″N,51.52579714,0°24′32″W,-0.40877871,12.1538,276.131°
51°39′36″N,51.65989041,0°17′24″W,-0.29008955,12.6395,326.589°
51°20′54″N,51.34820199,0°00′13″W,-0.00363782,12.2313,154.019°
51°36′56″N,51.61544342,0°24′22″W,-0.40623907,14.1065,302.088°
51°40′54″N,51.68180273,0°03′00″W,-0.05000699,12.511,15.445°
51°40′01″N,51.66693557,0°06′48″W,-0.11344464,11.047,3.184°
51°29′26″N,51.49064459,0°21′28″W,-0.35780754,9.9654,263.436°
51°41′48″N,51.69679161,0°14′09″W,-0.23596611,13.893,340.509°
51°20′04″N,51.33452976,0°02′01″E,0.03373112,13.8246,149.707°
51°18′22″N,51.30617961,0°14′35″W,-0.24310865,14.7668,199.726°
51°26′41″N,51.44473912,0°00′17″W,-0.00465117,6.842,129.186°
51°18′45″N,51.31236919,0°15′49″W,-0.26353094,14.6926,203.53°
51°38′15″N,51.63760274,0°02′17″E,0.03803618,11.4791,38.283°
51°22′51″N,51.38091135,0°14′26″W,-0.24051783,9.9983,209.111°
51°36′39″N,51.6107263,0°10′17″E,0.171486,14.7102,60.824°
51°32′36″N,51.54341616,0°19′31″W,-0.32537784,8.856,286.425°
51°29′16″N,51.48773232,0°01′19″E,0.02196509,6.5835,101.827°
51°18′25″N,51.30691448,0°04′23″W,-0.07305179,14.0527,170.316°
51°25′24″N,51.42342454,0°12′53″W,-0.21482244,6.9066,212.908°
51°29′45″N,51.49580295,0°07′55″W,-0.13193059,0.8181,192.677°
51°37′15″N,51.62086666,0°05′54″E,0.09843629,12.4902,50.997°
51°28′26″N,51.47383708,0°13′08″W,-0.21893808,4.5566,239.482°
51°31′33″N,51.52585295,0°28′19″W,-0.47191527,14.8573,275.072°
51°39′28″N,51.65767761,0°02′13″E,0.03686371,12.5674,34.17°
51°34′12″N,51.57000807,0°04′23″E,0.07301153,9.6565,63.276°
51°27′54″N,51.4650137,0°00′04″E,0.00114374,6.2722,117.759°
51°28′58″N,51.4829051,0°25′07″W,-0.41866001,12.6311,262.427°
51°32′20″N,51.53895604,0°03′35″E,0.05973815,8.3537,74.768°
51°30′59″N,51.51645367,0°09′41″E,0.16128084,12.4488,86.99°
51°23′17″N,51.38809748,0°24′10″W,-0.40283934,14.4339,235.285°
51°28′51″N,51.48090298,0°09′25″W,-0.1568699,2.216,214.434°
51°38′10″N,51.63602193,0°13′39″W,-0.22736865,9.8691,334.344°
51°33′25″N,51.55702198,0°07′33″W,-0.12587794,3.434,1.348°
51°22′01″N,51.36707045,0°07′48″W,-0.12994863,9.6961,180.559°
51°42′45″N,51.71244021,0°05′43″W,-0.09526374,14.2434,5.607°
51°29′23″N,51.48975564,0°11′44″E,0.19549663,13.9618,94.87°
51°22′54″N,51.38160184,0°00′34″E,0.00949618,10.5118,145.719°
51°25′51″N,51.43076734,0°09′56″W,-0.16567154,5.5391,197.154°
51°21′02″N,51.35050597,0°21′19″W,-0.35528715,14.6168,222.217°
51°34′54″N,51.5816133,0°21′05″W,-0.35130336,10.8937,298.197°
51°41′38″N,51.69385363,0°01′51″W,-0.03088943,13.5445,17.843°
51°25′12″N,51.42001199,0°24′22″W,-0.40622736,13.4246,243.387°
51°19′52″N,51.33124575,0°15′03″W,-0.25082801,13.2773,203.596°
51°18′43″N,51.31190888,0°11′08″W,-0.18561533,13.7365,190.484°
51°28′51″N,51.4808311,0°00′05″E,0.00128776,5.8477,108.217°
51°29′27″N,51.49084077,0°11′17″E,0.18804189,13.6356,94.677°
51°39′26″N,51.65720032,0°05′09″E,0.08591858,13.8378,41.459°
51°39′37″N,51.66032465,0°03′36″W,-0.06010979,10.9648,15.338°
51°31′43″N,51.52860541,0°03′02″E,0.05048554,7.8055,79.082°
51°20′00″N,51.33326265,0°08′08″W,-0.1355613,12.037,181.604°
51°31′44″N,51.52897142,0°22′29″W,-0.3746471,10.723,278.107°
51°25′38″N,51.42727185,0°19′07″W,-0.31872766,9.9117,236.129°
51°36′58″N,51.61618005,0°06′24″W,-0.10677182,7.5757,6.828°
51°23′04″N,51.38451573,0°21′35″W,-0.3597526,13.1129,229.742°
51°23′47″N,51.39635761,0°00′19″W,-0.00523947,9.3112,145.429°
51°35′13″N,51.58690814,0°20′46″W,-0.34618863,10.8801,300.443°
51°27′14″N,51.45401539,0°08′35″W,-0.14302981,3.7445,190.117°
51°25′37″N,51.42700437,0°20′21″W,-0.33926247,10.6663,238.708°
51°35′03″N,51.58430214,0°01′10″E,0.01936401,8.2629,49.877°
51°41′42″N,51.69488427,0°00′34″W,-0.00944004,13.9213,21.353°
51°21′18″N,51.35500117,0°14′54″W,-0.24832288,11.7417,206.308°
51°36′31″N,51.60862882,0°22′12″W,-0.36989642,12.5404,304.026°
51°21′47″N,51.36311202,0°04′08″E,0.06882623,13.0816,139.571°
51°36′16″N,51.60447734,0°15′55″W,-0.2653783,8.9464,318.675°
51°31′03″N,51.51738098,0°15′01″W,-0.25015412,5.3102,277.549°
51°39′08″N,51.65209413,0°01′04″W,-0.0178649,11.0616,25.215°
51°36′00″N,51.60007335,0°10′28″E,0.17439259,14.4803,63.613°
51°34′22″N,51.57278422,0°09′35″W,-0.15971026,4.7265,343.118°
51°23′53″N,51.39793492,0°13′04″W,-0.21766279,8.4961,207.149°
51°40′32″N,51.67543732,0°00′40″W,-0.01109465,12.6515,23.28°
51°28′39″N,51.47753514,0°00′28″W,-0.0078625,5.5558,111.725°
51°28′26″N,51.4738633,0°04′13″E,0.07017488,8.8268,105.124°
51°41′57″N,51.69918945,0°01′54″E,0.03166942,14.9212,27.239°
51°23′38″N,51.39382454,0°04′27″W,-0.07428953,8.1775,163.622°
51°26′20″N,51.43899818,0°23′41″W,-0.39465163,12.4233,247.754°
51°39′17″N,51.6546946,0°09′33″W,-0.15922366,10.2731,352.453°
51°29′37″N,51.49368888,0°00′33″W,-0.00915411,5.1896,100.437°
51°24′11″N,51.40313496,0°04′31″W,-0.07530886,7.5489,162.568°
51°23′35″N,51.39309757,0°08′10″E,0.13618918,13.8424,124.68°
51°32′49″N,51.5470047,0°07′15″E,0.12087283,11.0369,75.524°
51°37′30″N,51.62493377,0°15′46″W,-0.26285206,9.9866,324.519°
51°20′52″N,51.34789233,0°19′43″W,-0.32860384,14.0135,218.222°
51°30′46″N,51.51281701,0°07′05″E,0.11792004,10.5749,87.856°
51°33′12″N,51.55325201,0°04′35″W,-0.07640795,3.8652,34.816°
51°36′39″N,51.61072583,0°22′07″W,-0.36869657,12.5792,304.705°
51°32′03″N,51.53407219,0°23′41″W,-0.39472908,11.629,279.243°
51°29′31″N,51.49184231,0°20′59″W,-0.34970507,9.6095,263.682°
51°18′55″N,51.31535446,0°00′59″E,0.01645972,14.6542,154.84°
51°29′20″N,51.48878415,0°28′03″W,-0.46737092,14.6689,265.114°
51°22′03″N,51.36758113,0°07′02″E,0.11722002,14.3082,132.371°
51°21′21″N,51.35587653,0°17′44″W,-0.29566085,12.726,214.713°
51°23′03″N,51.3842954,0°04′25″E,0.0735821,12.1474,134.361°
51°28′06″N,51.468429,0°17′15″W,-0.28736322,7.3769,248.675°
51°37′05″N,51.61792825,0°03′56″W,-0.06566497,8.095,19.219°
51°38′35″N,51.64313553,0°03′15″W,-0.054237,9.902,18.57°
51°30′42″N,51.51167185,0°09′54″W,-0.16509417,1.6336,280.548°
51°26′35″N,51.44299472,0°09′02″E,0.15055214,12.7801,110.259°
51°37′47″N,51.62967079,0°09′44″W,-0.16221202,8.5829,350.083°
51°26′09″N,51.43581984,0°00′22″W,-0.00606892,7.2035,133.292°
51°19′14″N,51.32057238,0°09′55″W,-0.16541143,13.011,187.181°
51°22′11″N,51.36965727,0°20′34″W,-0.34266926,13.2779,224.298°
51°21′23″N,51.35638682,0°18′27″W,-0.30758638,12.9966,216.67°
51°30′51″N,51.51425966,0°08′36″E,0.14338458,11.6731,87.549°
51°26′05″N,51.43461761,0°23′33″W,-0.39251553,12.4579,246.305°
51°42′08″N,51.70223814,0°11′29″W,-0.19133212,13.7435,348.572°
51°31′58″N,51.53278741,0°25′11″W,-0.41975378,12.6802,278.084°
51°30′47″N,51.51304063,0°05′26″E,0.09042577,9.3937,87.515°
51°43′19″N,51.72200529,0°08′38″W,-0.14383183,14.8521,357.344°
51°34′42″N,51.57832704,0°09′22″W,-0.15614683,5.0551,346.042°
51°30′38″N,51.51043139,0°12′51″E,0.21413834,14.709,89.037°
51°30′50″N,51.51392748,0°19′55″W,-0.3320515,8.7996,273.041°
51°19′34″N,51.3260272,0°11′37″W,-0.19355868,12.8493,192.778°
51°32′25″N,51.54020919,0°14′14″W,-0.23734276,5.2312,295.773°
51°27′54″N,51.46486573,0°02′22″W,-0.03949257,4.8014,127.668°
51°23′27″N,51.39095567,0°25′17″W,-0.42134204,14.9878,237.652°
51°34′42″N,51.57845094,0°22′37″W,-0.37681981,11.7799,294.753°
51°30′23″N,51.50633543,0°04′34″E,0.07621197,8.7749,90.378°
51°28′51″N,51.48083229,0°18′52″W,-0.31453622,8.2436,257.227°
51°26′20″N,51.43890561,0°08′02″E,0.13388121,12.2169,112.679°
51°25′07″N,51.41873233,0°16′53″W,-0.28138021,9.0152,227.263°
51°24′19″N,51.4053647,0°09′50″E,0.16389793,14.4034,119.186°
51°28′53″N,51.48136492,0°21′23″W,-0.35646608,10.0041,259.747°
51°42′02″N,51.70054566,0°16′46″W,-0.27943211,14.8557,334.065°
51°30′55″N,51.51536451,0°16′19″W,-0.27190926,6.2253,275.161°
51°18′29″N,51.30794313,0°11′41″W,-0.19473557,14.0815,191.859°
51°41′16″N,51.68781083,0°02′51″E,0.04738243,14.564,31.016°
51°32′37″N,51.54351205,0°23′00″W,-0.38322063,11.266,282.917°
51°22′15″N,51.37075015,0°12′38″W,-0.2106346,10.0939,200.748°
51°28′49″N,51.48030034,0°17′31″W,-0.29201589,7.3113,255.248°
51°38′58″N,51.64934234,0°16′27″W,-0.27419582,11.6565,327.401°
51°27′43″N,51.46204559,0°03′58″E,0.06606084,8.9103,110.499°
51°31′22″N,51.52285437,0°03′00″W,-0.05005184,3.5098,72.194°
51°20′48″N,51.34671644,0°03′25″W,-0.05705059,11.513,164.625°
51°34′48″N,51.58009312,0°07′25″W,-0.12362914,5.0308,2.02°
51°43′02″N,51.71731174,0°02′25″W,-0.04033745,14.9889,14.462°
51°36′10″N,51.60272998,0°01′23″E,0.02310195,9.2459,44.462°
51°24′38″N,51.41041893,0°25′04″W,-0.4178625,14.1762,241.911°
51°39′25″N,51.65693867,0°04′20″E,0.0721392,13.4387,39.627°
51°28′07″N,51.46864568,0°08′32″E,0.14232835,11.9276,102.855°
51°38′27″N,51.64095334,0°02′16″W,-0.03780502,10.0099,22.672°
51°29′53″N,51.49793695,0°22′49″W,-0.38019404,10.8801,266.67°
51°31′20″N,51.52212078,0°24′28″W,-0.40777763,12.0873,274.954°
51°37′14″N,51.62052213,0°03′32″E,0.05901472,11.2062,45.66°
51°41′48″N,51.69680141,0°15′56″W,-0.26552191,14.3677,335.747°
51°24′50″N,51.41377557,0°15′53″W,-0.26462324,8.7502,222.396°
51°25′57″N,51.43257621,0°12′05″W,-0.20152617,6.066,211.601°
51°39′21″N,51.65592468,0°12′02″W,-0.20048919,10.7334,343.109°
51°27′19″N,51.45532545,0°14′20″W,-0.23894285,5.9861,233.124°
51°25′08″N,51.41894521,0°02′46″E,0.04616476,9.6656,129.142°
51°21′05″N,51.35127051,0°03′44″E,0.06235079,13.5457,142.712°
51°37′27″N,51.62419954,0°16′21″W,-0.27262635,10.1962,322.436°
51°25′48″N,51.43008943,0°22′11″W,-0.36970341,11.706,242.954°
51°17′52″N,51.29774341,0°02′24″W,-0.0399403,14.9739,165.318°
51°42′19″N,51.70524005,0°12′42″W,-0.21174912,14.1445,345.266°
51°34′24″N,51.57325189,0°05′00″W,-0.0832327,4.9406,22.776°
51°20′38″N,51.34398924,0°01′16″W,-0.02101129,12.1921,157.79°
51°20′15″N,51.33748536,0°07′56″W,-0.13235631,11.7421,180.969°
51°22′55″N,51.38201398,0°18′14″W,-0.30375374,11.5119,221.261°
51°40′08″N,51.66878825,0°09′06″W,-0.15179033,11.2055,354.725°
51°22′24″N,51.37345911,0°20′39″W,-0.34420683,13.1375,225.304°
51°29′50″N,51.49719613,0°01′23″W,-0.02303145,4.5601,98.813°
51°34′34″N,51.57621221,0°09′59″E,0.16642841,13.512,69.261°
51°36′26″N,51.60712638,0°24′52″W,-0.41433418,14.114,299.361°
51°26′29″N,51.44139876,0°11′51″E,0.19741435,14.7221,107.909°
51°20′59″N,51.34971108,0°14′46″W,-0.24604059,12.0288,205.118°
51°29′44″N,51.49560541,0°06′19″W,-0.10518845,1.2657,129.887°
51°26′08″N,51.43564295,0°05′36″W,-0.09322061,5.1744,163.286°
51°41′48″N,51.69676882,0°14′04″W,-0.23436965,13.8687,340.773°
51°33′07″N,51.55192699,0°09′57″W,-0.16594841,3.4912,331.958°
51°21′39″N,51.36093297,0°14′02″W,-0.23376957,11.103,204.335°
51°20′05″N,51.3346009,0°09′15″W,-0.15417257,11.9939,185.457°
51°36′46″N,51.61285566,0°15′13″W,-0.25348551,9.0752,323.516°
51°21′17″N,51.354667,0°18′50″W,-0.31375753,13.2515,217.289°
51°32′06″N,51.53497713,0°09′40″E,0.16106442,12.5669,81.148°
51°33′48″N,51.56325394,0°00′10″E,0.0027052,6.811,55.387°
51°20′36″N,51.34323863,0°01′46″E,0.0294797,13.2128,149.084°
51°38′07″N,51.63525405,0°17′54″W,-0.298234,11.4795,320.428°
51°24′17″N,51.40469228,0°06′44″W,-0.11235486,7.1263,174.653°
51°26′39″N,51.44411256,0°10′10″W,-0.16934259,4.7232,202.289°
51°30′11″N,51.50299027,0°16′21″W,-0.27250817,6.2346,267.286°
51°33′49″N,51.5636913,0°03′45″E,0.06261621,9.0637,64.482°
51°23′35″N,51.39313125,0°00′00″E,0.00004682,9.6242,145.061°
51°28′34″N,51.47618053,0°13′35″W,-0.22633036,4.7576,243.114°
51°23′01″N,51.38374469,0°07′16″E,0.12106952,13.7068,128.458°
51°18′46″N,51.31287105,0°05′14″W,-0.08719677,13.5549,172.572°
51°18′03″N,51.30091109,0°01′29″W,-0.02458656,14.9456,162.644°
51°31′12″N,51.51997053,0°12′13″E,0.20368449,14.2829,86.369°
51°41′47″N,51.69644373,0°00′08″E,0.00234269,14.2127,23.088°
51°39′48″N,51.66345643,0°03′22″W,-0.05615252,11.2191,15.88°
51°36′45″N,51.61252652,0°09′01″W,-0.15037252,7.334,352.395°
51°28′50″N,51.48042287,0°10′12″W,-0.17009805,2.6045,224.407°
51°39′49″N,51.66370006,0°18′11″W,-0.30297652,13.168,325.218°
51°30′28″N,51.50778234,0°01′09″E,0.01923424,6.3235,89.672°
51°32′43″N,51.5452855,0°05′26″W,-0.09052375,3.0721,31.397°
51°34′40″N,51.57789701,0°01′33″E,0.02579303,8.2061,53.486°
51°22′42″N,51.37822699,0°02′56″E,0.04889962,11.7288,139.475°
51°27′25″N,51.45703818,0°19′17″W,-0.32143339,9.0325,247.433°
51°35′07″N,51.5851724,0°10′36″W,-0.17669985,5.7754,338.659°
51°26′48″N,51.44660969,0°27′04″W,-0.45123698,14.544,253.349°
51°36′45″N,51.61246529,0°20′27″W,-0.34080057,11.6868,308.52°
51°22′50″N,51.38042698,0°06′10″E,0.10271916,13.2489,131.372°
51°39′56″N,51.66567711,0°01′43″W,-0.02848402,11.744,21.247°
51°31′02″N,51.51733854,0°11′51″W,-0.19747848,3.0774,282.99°
51°20′25″N,51.34020954,0°18′58″W,-0.31602649,14.1169,215.157°
51°39′10″N,51.65268124,0°07′42″E,0.12827438,14.8936,47.49°
51°37′01″N,51.61700081,0°05′28″E,0.09123496,12.0819,51.066°
51°39′06″N,51.65173429,0°17′21″W,-0.28928338,12.1538,325.256°
51°27′08″N,51.45230944,0°05′49″W,-0.09697709,4.0284,160.785°
51°23′08″N,51.38555013,0°04′41″E,0.07802228,12.2247,133.442°
51°28′00″N,51.46669142,0°03′06″E,0.05155364,8.213,109.939°
51°38′22″N,51.63943922,0°08′40″E,0.14449878,14.8365,51.917°
51°22′22″N,51.37287453,0°06′01″W,-0.10032322,9.3693,172.742°
51°25′41″N,51.42794442,0°18′32″W,-0.30883821,9.5346,234.928°
51°19′46″N,51.32947933,0°19′33″W,-0.32584089,14.9677,214.857°
51°41′46″N,51.69621454,0°15′09″W,-0.25249452,14.1092,337.744°
51°23′50″N,51.39730386,0°02′03″E,0.03424246,10.3217,137.404°
51°31′22″N,51.52276893,0°08′33″E,0.1425802,11.6764,84.658°
51°43′07″N,51.71848344,0°03′53″W,-0.06479578,14.8407,10.467°
51°37′03″N,51.61744249,0°14′33″W,-0.24243681,9.0652,327.119°
51°35′50″N,51.5970882,0°01′33″W,-0.02580431,7.5939,35.199°
51°23′03″N,51.38418021,0°05′49″E,0.09694468,12.8905,131.244°
51°25′06″N,51.41824222,0°14′27″W,-0.24078231,7.8497,218.361°
51°31′53″N,51.53129297,0°16′59″W,-0.28293916,6.876,283.986°
51°30′29″N,51.50808675,0°06′31″W,-0.10849375,0.8303,86.481°
51°28′39″N,51.47743427,0°15′17″W,-0.25464495,5.8387,249.309°
51°25′25″N,51.42352563,0°04′00″W,-0.06677134,6.361,155.594°
51°34′39″N,51.57751639,0°04′21″E,0.07257788,9.8832,60.536°
51°39′59″N,51.66670542,0°20′13″W,-0.33682433,14.2096,320.897°
51°22′09″N,51.3692295,0°18′56″W,-0.31566042,12.5169,220.372°
51°31′48″N,51.530122,0°05′49″W,-0.09696616,2.0569,40.067°
51°25′46″N,51.42936712,0°03′43″E,0.0620456,9.7895,123.333°
51°31′16″N,51.52108472,0°04′57″W,-0.08247125,2.1669,64.002°
51°36′55″N,51.61523825,0°00′01″E,0.00039028,9.2694,36.393°
51°19′32″N,51.32553449,0°12′10″W,-0.20279375,12.976,194.463°
51°32′06″N,51.53512807,0°03′42″E,0.06159594,8.3666,76.66°
51°33′28″N,51.55789052,0°03′18″E,0.05508716,8.6025,65.971°
51°39′01″N,51.6503599,0°07′30″E,0.12502649,14.6827,47.587°
51°28′32″N,51.47554345,0°23′29″W,-0.39132025,11.5532,259.134°
51°36′12″N,51.60323817,0°10′06″W,-0.16831422,6.8527,345.282°
51°26′09″N,51.43592451,0°24′22″W,-0.40611912,12.9611,247.72°
51°40′30″N,51.67506869,0°17′53″W,-0.29811466,13.7071,327.813°
51°27′42″N,51.46178947,0°09′18″W,-0.15497347,3.3598,200.414°
51°23′35″N,51.39308982,0°13′06″W,-0.21826325,8.807,206.308°
51°20′12″N,51.33659306,0°06′02″W,-0.1004842,11.8605,174.301°
51°22′04″N,51.3677063,0°01′23″E,0.02304152,11.6348,145.994°
51°40′27″N,51.6743,0°19′43″W,-0.32867704,14.4076,323.294°
51°37′06″N,51.61823951,0°05′28″E,0.09102324,12.1287,50.723°
51°23′12″N,51.38678963,0°04′56″W,-0.08236033,8.5591,166.775°
51°32′35″N,51.54310312,0°08′19″E,0.13862714,11.7186,77.723°
51°31′53″N,51.53149995,0°07′05″E,0.1179324,10.6975,80.928°
51°30′06″N,51.50164881,0°15′42″W,-0.26173975,5.7775,266.141°
51°31′13″N,51.52026667,0°00′06″W,-0.00166175,5.4967,80.604°
51°38′26″N,51.64055335,0°21′31″W,-0.35855231,13.5294,312.971°
51°29′41″N,51.49458896,0°24′53″W,-0.4147095,12.3775,266.026°
51°29′12″N,51.48665655,0°22′22″W,-0.37284485,10.6423,262.372°
51°23′11″N,51.38646633,0°01′30″E,0.02488318,10.632,141.739°
51°19′53″N,51.33134361,0°10′49″W,-0.18017136,12.3729,190.541°
51°34′24″N,51.57343998,0°26′00″W,-0.43333053,13.9073,289.294°
51°38′16″N,51.63770787,0°08′20″E,0.13885468,14.5721,51.704°
51°32′55″N,51.54849309,0°24′05″W,-0.40136954,12.1039,283.695°
51°23′27″N,51.39085009,0°18′13″W,-0.30363651,11.0557,223.323°
51°36′43″N,51.61184278,0°22′13″W,-0.37015427,12.6745,304.832°
51°27′33″N,51.45916946,0°27′18″W,-0.45511833,14.4782,256.831°
51°32′05″N,51.53479942,0°09′59″W,-0.16632629,2.52,318.852°
51°26′11″N,51.43631234,0°05′56″W,-0.09881284,5.0656,165.747°
51°32′17″N,51.53811014,0°01′33″W,-0.02584789,4.871,64.082°
51°24′33″N,51.40923097,0°02′53″W,-0.04805493,7.6008,153.123°
51°26′16″N,51.43781029,0°26′40″W,-0.44432935,14.4516,250.698°
51°19′54″N,51.33159937,0°04′33″E,0.07578106,14.984,144.083°
51°28′12″N,51.46986677,0°18′21″W,-0.3059571,8.0948,251.404°
51°29′16″N,51.48786711,0°04′05″W,-0.06799076,2.9029,117.615°
51°22′44″N,51.37877015,0°00′53″E,0.01464476,10.7987,145.327°
51°36′20″N,51.60544777,0°05′41″E,0.09473664,11.7211,54.571°
51°34′36″N,51.57672961,0°02′13″W,-0.03688915,6.1848,39.13°
51°23′35″N,51.39318258,0°05′54″E,0.09822023,12.5302,128.943°
51°37′23″N,51.62308051,0°25′15″W,-0.42084033,14.9177,302.539°
51°34′53″N,51.58134289,0°00′55″E,0.01516227,7.9933,50.168°
51°22′27″N,51.3740896,0°12′47″W,-0.21311888,9.9175,201.799°
51°41′35″N,51.69312728,0°12′15″W,-0.20404577,13.2512,345.721°
51°38′01″N,51.63348784,0°23′33″W,-0.39261885,14.3342,307.563°
51°25′43″N,51.42847602,0°27′04″W,-0.45123625,14.9566,248.75°
51°31′35″N,51.52635328,0°19′54″W,-0.3317682,8.8722,278.593°
51°18′15″N,51.30427695,0°08′37″W,-0.14354873,14.0522,182.783°
51°32′22″N,51.53942228,0°21′22″W,-0.35603139,10.0637,282.814°
51°29′16″N,51.48786487,0°16′41″W,-0.27818773,6.6113,258.305°
51°21′49″N,51.36361887,0°14′50″W,-0.24725651,11.1892,207.444°
51°35′41″N,51.59484495,0°06′41″E,0.11149894,11.9291,59.447°
51°34′28″N,51.57431778,0°14′34″W,-0.24278941,6.7731,313.152°
51°39′01″N,51.65018117,0°16′01″W,-0.26696134,11.5413,328.853°
51°18′55″N,51.31525525,0°01′36″E,0.02659053,14.8509,153.321°
51°28′25″N,51.47374778,0°09′28″W,-0.15783578,2.6588,209.143°
51°30′22″N,51.50610905,0°07′07″E,0.11850225,10.5943,90.368°
51°41′41″N,51.69481018,0°12′18″W,-0.20495537,13.3736,345.682°
51°28′31″N,51.47518155,0°12′56″E,0.21542735,14.9351,98.427°
51°20′36″N,51.34327586,0°02′20″E,0.03882853,13.4217,147.598°
51°23′34″N,51.39284719,0°11′27″W,-0.19084551,8.3676,198.975°
51°37′43″N,51.62856342,0°10′56″W,-0.18209437,8.6969,344.451°
51°24′40″N,51.4110413,0°03′22″W,-0.0561712,7.3358,155.122°
51°27′24″N,51.45661461,0°09′51″W,-0.16419843,3.8415,204.112°
51°21′22″N,51.356068,0°05′01″W,-0.08357418,10.628,169.663°
51°26′26″N,51.44043163,0°18′37″W,-0.31040763,9.1226,239.607°
51°22′55″N,51.38206618,0°12′25″W,-0.20705825,9.3086,201.56°
51°39′06″N,51.65166093,0°17′28″W,-0.29113711,12.1953,324.936°
51°21′40″N,51.36097282,0°20′39″W,-0.34421489,13.7601,222.757°
51°27′13″N,51.45369256,0°05′31″E,0.0920754,10.1634,111.316°
51°32′21″N,51.53929686,0°12′33″W,-0.20925951,4.1424,302.242°
51°34′15″N,51.57095403,0°13′58″W,-0.23283633,6.3031,314.262°
51°25′59″N,51.43301053,0°03′27″W,-0.05756602,5.961,149.51°
51°38′22″N,51.63934615,0°07′13″E,0.1203442,14.029,49.339°
51°28′39″N,51.47763257,0°03′34″W,-0.05945773,3.5858,124.921°
51°22′23″N,51.37297118,0°03′15″W,-0.0542828,9.8124,161.151°
51°29′29″N,51.49126631,0°27′40″W,-0.4610981,14.3854,265.698°
51°33′20″N,51.5555424,0°10′02″W,-0.16723535,3.7384,333.012°
51°25′24″N,51.42333478,0°02′12″E,0.03655517,9.1529,129.313°
51°28′09″N,51.46911195,0°03′49″E,0.06354345,8.6468,107.723°
51°34′51″N,51.58080196,0°08′19″W,-0.13869129,5.0983,354.715°
51°31′32″N,51.52548818,0°13′53″W,-0.23128374,4.6258,285.764°
51°30′51″N,51.51406104,0°26′46″W,-0.44600615,13.6975,272.065°
51°38′46″N,51.6461132,0°06′59″E,0.11646547,14.2136,47.469°
51°21′35″N,51.35969636,0°02′30″W,-0.04162247,10.8592,159.981°
51°33′40″N,51.56122177,0°03′30″E,0.05845719,8.8295,64.986°
51°25′23″N,51.42315284,0°08′04″E,0.13448654,12.7032,117.162°
51°41′29″N,51.69129826,0°15′51″W,-0.26409725,13.9964,335.332°
51°37′00″N,51.61653212,0°21′34″W,-0.3594925,12.4934,307.248°
51°27′33″N,51.45910633,0°12′28″E,0.20790671,14.8273,102.865°
51°34′02″N,51.56732033,0°25′40″W,-0.42769203,13.5441,287.937°
51°39′24″N,51.65670509,0°07′13″E,0.12027277,14.8336,45.804°
51°33′47″N,51.56305224,0°00′25″W,-0.00683784,6.469,53.431°
51°40′42″N,51.67836983,0°17′14″W,-0.28712095,13.6579,329.996°
51°33′29″N,51.55792869,0°02′03″E,0.03410291,7.7879,63.265°
51°40′03″N,51.66742802,0°03′26″W,-0.05727979,11.4704,15.272°
51°33′40″N,51.5611051,0°12′26″E,0.20723558,14.874,75.404°
51°30′22″N,51.50623976,0°07′18″E,0.1217989,10.736,90.312°
51°32′23″N,51.53981264,0°04′21″W,-0.07254331,3.2668,46.601°
51°41′48″N,51.69666723,0°12′50″W,-0.21395463,13.598,344.243°
51°20′41″N,51.34473776,0°04′49″E,0.08019596,14.3748,141.35°
51°39′43″N,51.66204732,0°04′07″W,-0.06864889,10.9892,13.333°
51°22′00″N,51.3665849,0°21′25″W,-0.35695963,13.8628,225.516°
51°37′49″N,51.6302653,0°18′08″W,-0.30233658,11.3323,318.629°
51°24′05″N,51.401479,0°25′43″W,-0.42848863,14.8762,240.653°
51°18′39″N,51.31083555,0°06′02″W,-0.10064216,13.6326,175.07°
51°35′36″N,51.59333741,0°05′00″W,-0.08343685,6.2409,17.754°
51°25′59″N,51.43311072,0°00′53″W,-0.01463735,7.0745,136.45°
51°19′59″N,51.33304934,0°04′36″W,-0.07652964,12.2477,169.594°
51°41′42″N,51.69498654,0°01′20″W,-0.02225508,13.7368,19.21°
51°36′10″N,51.60282478,0°00′29″W,-0.0079872,8.3687,37.907°
51°37′56″N,51.6323228,0°02′47″W,-0.04645303,9.3171,21.986°
51°34′32″N,51.57556268,0°10′44″W,-0.17888585,5.2016,335.026°
51°26′58″N,51.44933154,0°05′39″W,-0.0941396,4.2632,160.143°
51°22′59″N,51.38308492,0°00′26″E,0.00716771,10.3706,145.86°
51°31′17″N,51.52136856,0°05′59″W,-0.09966208,1.5489,51.27°
51°26′43″N,51.44516759,0°08′14″E,0.13718881,12.1884,110.544°
51°24′55″N,51.4151539,0°16′01″W,-0.266993,8.7496,223.311°
51°30′41″N,51.51152768,0°00′48″W,-0.01342003,4.9269,86.596°
51°35′52″N,51.59772819,0°26′13″W,-0.4368752,14.6799,295.304°
51°42′56″N,51.71541835,0°04′08″W,-0.06876612,14.602,9.962°
51°28′54″N,51.4816437,0°11′24″W,-0.19006033,3.2162,236.49°
51°30′18″N,51.50505193,0°04′02″W,-0.06735011,2.6036,93.475°
51°36′50″N,51.61393391,0°15′31″W,-0.25856533,9.2659,322.708°
51°22′55″N,51.38198154,0°09′39″W,-0.1607296,8.7807,189.322°
51°40′39″N,51.67738099,0°13′29″W,-0.22479495,12.4686,340.516°
51°29′17″N,51.48802471,0°04′38″E,0.07724908,8.9216,98.531°
51°34′14″N,51.57046277,0°22′22″W,-0.3726888,11.3971,292.599°
51°39′28″N,51.65782462,0°06′09″W,-0.10259842,10.4561,5.922°
51°31′30″N,51.52486125,0°25′12″W,-0.42000024,12.6276,275.614°
51°30′16″N,51.50445667,0°27′06″W,-0.45172645,13.9386,269.304°
51°40′36″N,51.67667584,0°16′47″W,-0.27967438,13.3982,330.925°
51°30′38″N,51.51067571,0°04′01″W,-0.06691452,2.6274,84.959°
51°28′26″N,51.47379014,0°12′29″E,0.20803048,14.6355,98.988°
51°37′22″N,51.62271773,0°23′28″W,-0.39112445,13.8426,305.275°
51°33′51″N,51.56410854,0°01′21″E,0.02251809,7.5584,58.675°
51°20′35″N,51.34295038,0°05′37″W,-0.09352137,11.4581,172.588°
51°36′22″N,51.60599225,0°07′50″E,0.13050005,13.0248,58.336°
51°33′04″N,51.55106771,0°24′11″W,-0.40317901,12.222,284.421°
51°39′56″N,51.66553895,0°19′43″W,-0.32864821,13.9271,321.803°
51°27′35″N,51.45967422,0°11′26″W,-0.19054877,4.2617,219.382°
51°30′55″N,51.51516942,0°04′18″E,0.0717367,8.5983,86.319°
51°39′46″N,51.66287075,0°06′46″E,0.11273352,14.9066,43.762°
51°33′27″N,51.55758021,0°10′58″E,0.18270982,13.7926,75.3°
51°25′33″N,51.4259272,0°00′51″W,-0.01411726,7.4574,138.95°
51°27′00″N,51.44997529,0°12′38″W,-0.21058207,5.3326,221.989°
51°31′08″N,51.51879019,0°10′22″E,0.17290098,12.9565,86.384°
51°28′37″N,51.47690133,0°05′18″E,0.08828751,9.5324,102.67°
51°30′10″N,51.50269312,0°04′10″W,-0.06934145,2.5337,97.277°
51°34′40″N,51.57766527,0°24′38″W,-0.41048084,13.0887,291.907°
51°35′29″N,51.5914519,0°21′40″W,-0.36100879,11.5882,300.198°
51°26′17″N,51.43808138,0°11′53″E,0.19812082,14.824,108.715°
51°23′03″N,51.38421989,0°22′19″W,-0.37195269,13.5306,231.122°
51°24′27″N,51.40744141,0°02′36″E,0.04326904,10.0962,133.086°
51°31′57″N,51.53261134,0°19′58″W,-0.33280705,8.9897,281.279°
51°23′07″N,51.38514179,0°01′14″W,-0.02054276,9.6268,151.289°
51°28′26″N,51.47399024,0°02′36″W,-0.04343394,4.2994,122.399°
51°27′56″N,51.46569125,0°26′53″W,-0.4480651,14.083,258.328°
51°34′53″N,51.58129599,0°09′09″W,-0.15240077,5.2194,348.301°
51°27′58″N,51.46606242,0°07′28″W,-0.12440215,2.8573,177.101°
51°40′27″N,51.67415127,0°00′40″E,0.01112081,12.9796,27.297°
51°36′20″N,51.6056604,0°12′27″W,-0.20739359,7.6079,333.3°
51°40′53″N,51.68129565,0°13′57″W,-0.23236172,12.8339,339.556°
51°24′23″N,51.40643789,0°06′25″W,-0.10696367,7.032,172.675°
51°27′53″N,51.46482453,0°04′55″W,-0.08182463,3.5422,146.057°
51°41′39″N,51.69405039,0°12′44″W,-0.21234954,13.4052,344.315°
51°37′46″N,51.62952808,0°01′01″E,0.0168771,10.4842,36.29°
51°37′50″N,51.63042106,0°02′21″E,0.03929189,11.1291,40.089°
51°40′54″N,51.68169963,0°11′08″W,-0.18546181,12.3024,348.404°
51°38′50″N,51.64717876,0°07′55″W,-0.1319099,9.666,358.945°
51°32′08″N,51.53551995,0°07′38″W,-0.12709223,1.9471,0.843°
51°31′28″N,51.52445465,0°13′59″W,-0.23306916,4.6812,284.668°
51°31′38″N,51.52730109,0°01′49″W,-0.03037197,4.4097,71.74°
51°30′04″N,51.50098549,0°10′36″E,0.17666373,13.1042,91.805°
51°17′55″N,51.29864332,0°04′29″W,-0.07476351,14.6049,170.978°
51°26′49″N,51.44701089,0°00′54″E,0.0150541,7.4288,124.096°
51°24′27″N,51.40748714,0°08′10″W,-0.13597799,6.9113,182.939°
51°25′44″N,51.42884812,0°00′35″W,-0.00981892,7.4314,136.85°
51°19′18″N,51.32166908,0°10′56″W,-0.18221893,13.0465,190.388°
51°38′36″N,51.6434444,0°02′34″W,-0.04280702,10.0892,21.17°
51°25′44″N,51.42888456,0°10′16″W,-0.17124232,5.7374,199.063°
51°19′37″N,51.32700334,0°06′42″W,-0.11179362,12.4839,176.834°
51°37′39″N,51.62761055,0°00′13″E,0.00362083,10.0472,34.128°
51°35′23″N,51.58959693,0°07′58″W,-0.13269691,5.6885,357.863°
51°30′41″N,51.51136787,0°10′33″W,-0.17595642,2.0918,277.646°
51°27′39″N,51.46084148,0°15′39″W,-0.26079694,6.5667,240.743°
51°31′06″N,51.51834755,0°09′28″W,-0.15777545,1.4982,300.495°
51°27′37″N,51.46038135,0°24′12″W,-0.40319569,12.2915,254.794°
51°37′31″N,51.62536691,0°23′48″W,-0.39659905,14.14,305.335°
51°24′24″N,51.40662261,0°01′57″W,-0.03240461,8.0828,149.428°
51°41′58″N,51.69956436,0°07′35″W,-0.12641658,13.2852,0.248°
51°27′01″N,51.45034879,0°07′31″E,0.12522205,11.5805,109.79°
51°25′11″N,51.41958978,0°06′38″E,0.11059056,11.9218,120.49°
51°28′38″N,51.47713143,0°07′49″E,0.13028299,11.299,100.552°
51°42′38″N,51.71068037,0°07′00″W,-0.11669284,14.0613,1.931°
51°20′29″N,51.34140643,0°17′31″W,-0.29205018,13.4789,211.753°
51°23′40″N,51.3944861,0°14′58″W,-0.24938501,9.3966,213.931°
51°31′24″N,51.52341278,0°07′02″E,0.1173134,10.5991,83.892°
51°21′29″N,51.35810277,0°17′48″W,-0.29669007,12.6251,215.275°
51°30′03″N,51.50096276,0°25′20″W,-0.42230044,12.6794,268.12°
51°26′58″N,51.44943057,0°03′00″E,0.0501166,8.6402,117.532°
51°26′05″N,51.43460159,0°04′53″E,0.08132939,10.311,119.104°
51°31′59″N,51.53298447,0°16′33″W,-0.27591749,6.6136,285.597°
51°40′33″N,51.67594576,0°09′02″W,-0.15044726,11.6933,355.23°
51°31′16″N,51.52116589,0°01′29″W,-0.02468833,4.5349,77.805°
51°24′55″N,51.41527455,0°04′01″E,0.06699531,10.5278,127.116°
51°24′35″N,51.40976254,0°00′31″W,-0.00871698,8.472,142.717°
51°22′20″N,51.37217554,0°01′58″E,0.03279265,11.6246,143.423°
51°33′56″N,51.56553933,0°01′11″W,-0.01958575,6.1483,49.104°
51°23′13″N,51.38694608,0°07′49″W,-0.13037526,8.3227,180.777°
51°40′28″N,51.67447056,0°03′29″E,0.05810294,14.0396,34.57°
51°24′45″N,51.41246195,0°20′07″W,-0.33518969,11.0818,233.795°
51°23′23″N,51.38964869,0°13′04″W,-0.21768293,9.0102,205.496°
51°35′29″N,51.59136559,0°25′57″W,-0.43253854,14.3285,294.027°
51°36′15″N,51.60419843,0°24′20″W,-0.40569322,13.6915,299.377°
51°19′50″N,51.33049968,0°00′44″W,-0.01220612,13.199,157.786°
51°36′00″N,51.60013468,0°16′42″W,-0.27835502,9.111,314.796°
51°19′45″N,51.32924191,0°17′32″W,-0.29230519,14.2071,210.012°
51°34′43″N,51.57858923,0°01′07″W,-0.01874574,6.7971,43.54°
51°25′01″N,51.41683585,0°06′23″E,0.10635546,11.8647,121.73°
51°24′55″N,51.41516448,0°08′00″E,0.13326568,12.9206,119.445°
51°23′30″N,51.39171723,0°03′24″W,-0.05653884,8.5607,158.974°
51°27′10″N,51.45266075,0°27′18″W,-0.4550633,14.587,255.109°
51°33′44″N,51.56230136,0°27′02″W,-0.45068512,14.3936,285.426°
51°25′14″N,51.42042189,0°14′52″W,-0.24768404,7.9224,220.726°
51°26′29″N,51.44131904,0°21′12″W,-0.35325548,10.7269,244.909°
51°20′52″N,51.34787316,0°20′23″W,-0.3397655,14.3166,219.737°
51°29′52″N,51.49768727,0°00′46″E,0.01275177,6.082,96.25°
51°36′42″N,51.61176921,0°00′23″W,-0.00652669,8.9006,35.775°
51°28′16″N,51.47113407,0°08′51″E,0.14761388,12.1124,101.819°
51°22′40″N,51.37783328,0°14′12″W,-0.23657976,10.105,207.684°
51°35′51″N,51.5974465,0°18′23″W,-0.30636835,9.8842,309.12°
51°29′43″N,51.49530506,0°10′03″E,0.1674913,12.7302,93.634°
51°39′37″N,51.66034764,0°02′51″W,-0.0474797,11.1224,18.026°
51°24′47″N,51.4131719,0°24′06″W,-0.40168468,13.4729,241.217°
51°26′06″N,51.43510272,0°08′54″W,-0.14823347,5.0707,190.019°
51°26′46″N,51.4461314,0°06′57″E,0.11572717,11.3033,111.888°
51°33′26″N,51.55727202,0°24′44″W,-0.41232774,12.7123,285.86°
51°35′49″N,51.59682444,0°26′15″W,-0.43747438,14.6769,295.041°
51°29′40″N,51.49448267,0°25′38″W,-0.42735259,12.9206,266.17°
51°19′46″N,51.32939078,0°07′05″W,-0.11794734,12.3072,178.027°
51°25′31″N,51.42515283,0°07′44″W,-0.12880304,5.6814,180.454°
51°20′41″N,51.34466015,0°11′41″W,-0.19472305,11.609,194.42°
51°37′32″N,51.62554735,0°12′14″W,-0.20391979,8.8002,338.202°
51°26′20″N,51.43886213,0°02′33″W,-0.04253737,5.989,142.189°
51°32′58″N,51.54955187,0°00′48″W,-0.01326014,5.7224,59.311°
51°22′03″N,51.36759159,0°02′53″W,-0.04802857,10.2522,160.392°
51°34′09″N,51.5691496,0°12′01″E,0.20019661,14.7314,73.017°
51°28′41″N,51.47818404,0°01′26″W,-0.02393114,4.9017,114.244°
51°40′39″N,51.67761749,0°08′11″W,-0.13652243,11.7742,358.172°
51°30′20″N,51.50542597,0°23′16″W,-0.38770582,11.1836,269.42°
51°28′27″N,51.47423074,0°06′38″E,0.11052622,10.5068,102.491°
51°19′05″N,51.31796786,0°17′17″W,-0.28801235,14.8005,207.887°
51°20′37″N,51.34367792,0°16′43″W,-0.27856883,13.0465,209.938°
51°37′03″N,51.61740032,0°12′42″W,-0.21175531,8.419,334.649°
51°33′53″N,51.56471616,0°01′41″W,-0.02815401,5.8358,47.164°
51°26′42″N,51.44507347,0°14′26″W,-0.24066825,6.4925,228.517°
51°40′31″N,51.67540392,0°18′41″W,-0.31133164,14.0373,325.909°
51°18′47″N,51.31293312,0°13′08″W,-0.21898469,14.0011,196.349°
51°38′59″N,51.64996098,0°07′55″E,0.13194985,14.8857,48.434°
51°18′11″N,51.30296786,0°13′38″W,-0.22710085,14.7612,196.907°
51°19′49″N,51.33039,0°15′18″W,-0.25486238,13.4017,204.178°
51°30′57″N,51.51586967,0°08′54″W,-0.14822211,1.059,303.786°
51°36′11″N,51.60309395,0°03′13″E,0.05359525,10.2238,49.594°
51°39′37″N,51.66028968,0°20′33″W,-0.34254063,14.0293,318.975°
51°38′11″N,51.63642094,0°03′11″W,-0.05302079,9.481,19.764°
51°35′25″N,51.59023675,0°23′17″W,-0.38803779,12.5683,297.219°
51°19′05″N,51.31807561,0°00′05″W,-0.00127214,14.1728,157.324°
51°35′48″N,51.59655183,0°15′00″W,-0.25009435,8.1026,319.591°
51°27′28″N,51.45790867,0°07′22″W,-0.12284298,3.4238,176.455°
51°30′01″N,51.50031211,0°03′34″E,0.0594703,8.0696,93.383°
51°29′05″N,51.48477564,0°10′38″E,0.1771665,13.2132,96.662°
51°34′41″N,51.57793992,0°03′04″W,-0.05111486,5.887,34°
51°29′33″N,51.49257905,0°25′33″W,-0.42572184,12.8607,265.563°
51°36′36″N,51.60999052,0°16′40″W,-0.27784912,9.5875,317.784°
51°20′57″N,51.34902789,0°03′33″W,-0.05912722,11.3353,164.849°
51°31′02″N,51.51715717,0°00′43″W,-0.01203555,5.0236,82.201°
51°26′59″N,51.44962742,0°10′59″E,0.18302914,13.9604,106.484°
51°31′21″N,51.52258243,0°01′42″W,-0.02833448,4.4041,76.131°
51°38′17″N,51.63795789,0°22′23″W,-0.37312058,13.8773,310.674°
51°20′25″N,51.34029691,0°01′01″W,-0.01682633,12.4968,157.464°
51°28′38″N,51.47727138,0°05′04″E,0.08453679,9.3693,102.737°
51°24′14″N,51.40383852,0°01′06″W,-0.01835839,8.5664,146.59°
51°32′41″N,51.5447946,0°07′34″E,0.12608119,11.218,76.563°
51°33′34″N,51.55938427,0°05′22″E,0.08945584,10.0075,68.854°
51°22′09″N,51.36909095,0°04′42″W,-0.078361,9.7901,167.425°
51°27′05″N,51.45128544,0°03′46″W,-0.06266284,4.782,144.104°
51°25′37″N,51.42690118,0°05′50″W,-0.09718489,5.7141,166.669°
51°22′57″N,51.38236318,0°08′33″W,-0.14252017,8.662,184.216°
51°26′55″N,51.44872611,0°11′27″W,-0.19078616,4.8764,213.831°
51°25′40″N,51.42786441,0°02′35″W,-0.04308982,6.5933,146.4°
51°33′02″N,51.55043623,0°00′08″W,-0.00228453,6.1624,61.054°
51°32′26″N,51.54049628,0°24′42″W,-0.41155658,12.4174,280.742°
51°27′12″N,51.45340666,0°22′08″W,-0.36880316,11.0251,250.329°
51°31′37″N,51.52685923,0°16′25″W,-0.27372028,6.4209,282.179°
51°25′28″N,51.42451529,0°19′48″W,-0.3299369,10.4193,236.747°
51°29′43″N,51.49539576,0°13′30″W,-0.2249043,4.2605,258.855°
51°23′49″N,51.39707032,0°12′30″W,-0.20845604,8.3772,204.545°
51°33′01″N,51.55037397,0°03′06″E,0.0517055,8.2698,68.856°
51°28′10″N,51.4695502,0°04′50″E,0.08043726,9.3332,106.175°
51°39′31″N,51.65856069,0°12′54″W,-0.2150639,11.1033,340.298°
51°35′54″N,51.59828821,0°00′00″E,0.00009531,8.3483,41.11°
51°22′36″N,51.37678727,0°05′49″E,0.09683638,13.2307,132.916°
51°39′37″N,51.66036871,0°05′58″E,0.09936531,14.3873,42.596°
51°22′13″N,51.37027826,0°14′23″W,-0.23971268,10.6311,207.025°
51°23′23″N,51.38970656,0°00′09″E,0.00244313,9.8777,145.354°
51°26′20″N,51.43885862,0°23′42″W,-0.39497566,12.4399,247.737°
51°40′38″N,51.6772797,0°03′58″W,-0.06611808,12.0393,12.676°
51°40′01″N,51.66703862,0°19′41″W,-0.3279188,13.9892,322.167°
51°26′43″N,51.44527219,0°00′40″E,0.01104662,7.3562,125.626°
51°22′16″N,51.37117995,0°19′06″W,-0.31830709,12.4889,221.172°
51°24′55″N,51.41526472,0°06′13″W,-0.10350717,6.4497,170.672°
51°39′54″N,51.66504414,0°14′19″W,-0.23869322,11.8948,336.433°
51°20′04″N,51.33446599,0°10′17″W,-0.17151133,12.097,188.985°
51°17′28″N,51.29112248,0°07′03″W,-0.11743514,14.9515,178.29°
51°38′19″N,51.63849481,0°13′17″W,-0.22146095,9.9177,336.092°
51°22′20″N,51.37216789,0°15′49″W,-0.26370635,11.0273,212.135°
51°39′53″N,51.66475519,0°02′56″W,-0.0488291,11.395,17.274°
51°28′20″N,51.47235343,0°01′08″W,-0.01899376,5.2688,117.286°
51°32′22″N,51.53936992,0°05′16″W,-0.08771417,2.8041,37.872°
51°22′22″N,51.37286985,0°03′18″E,0.05486697,12.1777,139.681°
51°31′07″N,51.51848281,0°11′22″E,0.18946791,13.6667,86.649°
51°20′37″N,51.3437098,0°02′23″W,-0.03971367,11.9297,161.42°
51°25′31″N,51.4253316,0°04′03″E,0.06741557,10.137,123.926°
51°25′49″N,51.43040667,0°24′04″W,-0.40123052,12.9197,245.8°
51°39′23″N,51.65627887,0°13′18″W,-0.22163581,11.0548,338.646°
51°35′43″N,51.59541483,0°19′46″W,-0.32943261,10.5911,305.157°
51°24′27″N,51.40763761,0°16′14″W,-0.27062524,9.2386,221.813°
51°31′23″N,51.52300202,0°05′56″W,-0.09902111,1.6425,48.797°
51°18′24″N,51.30678098,0°09′02″W,-0.15067015,13.8977,184.085°
51°22′34″N,51.37598433,0°03′24″E,0.05679054,12.0685,138.721°
51°29′40″N,51.49447796,0°09′34″E,0.15932798,12.3838,94.008°
51°24′03″N,51.40086057,0°06′00″W,-0.10013171,7.4557,170.806°
51°36′31″N,51.6085778,0°19′15″W,-0.32094862,10.8566,310.199°
51°43′05″N,51.71805742,0°07′25″W,-0.12359058,14.5643,0.702°
51°29′07″N,51.48534763,0°16′45″W,-0.27923909,6.6932,256.926°
51°39′13″N,51.6535238,0°12′21″W,-0.20585946,10.6452,341.663°
51°37′40″N,51.62775934,0°02′08″E,0.03545672,10.8824,40.053°
51°30′28″N,51.50784214,0°05′05″W,-0.08459534,1.8571,88.936°
51°33′39″N,51.56086757,0°13′14″W,-0.220666,5.444,312.836°
51°18′56″N,51.31553778,0°14′34″W,-0.24284119,14.1552,200.562°
51°30′01″N,51.50037351,0°06′31″W,-0.1085726,0.956,120.288°
51°24′39″N,51.41073864,0°04′55″W,-0.08198476,6.9623,163.535°
51°28′54″N,51.48172253,0°18′04″W,-0.30123276,7.672,256.719°
51°24′31″N,51.40854978,0°00′00″W,-0.0001103,8.7665,141.116°
51°34′55″N,51.58194951,0°06′04″E,0.10104807,11.1045,62.245°
51°39′33″N,51.65916325,0°08′08″W,-0.13546402,10.4979,358.197°
51°22′13″N,51.37023596,0°02′11″E,0.03644515,11.8262,143.194°
51°39′09″N,51.65247084,0°01′01″E,0.0169951,11.8007,31.736°
51°26′43″N,51.44537832,0°06′06″E,0.10170912,10.7668,113.352°
51°29′38″N,51.49394867,0°15′56″W,-0.26541704,5.9948,261.165°
51°32′44″N,51.54556424,0°26′59″W,-0.44961949,14.09,280.93°
51°32′12″N,51.53662615,0°27′51″W,-0.46416294,14.6079,278.093°
51°29′24″N,51.4900567,0°08′05″W,-0.13464457,1.2315,193.925°
51°31′03″N,51.51736375,0°00′16″E,0.00438324,5.7259,83.006°
51°27′46″N,51.46278259,0°07′57″W,-0.13236937,3.0868,183.688°
51°32′40″N,51.54440358,0°23′41″W,-0.39463191,11.7582,282.684°
51°42′22″N,51.70604842,0°01′59″W,-0.03296047,14.3234,16.468°
51°19′21″N,51.32260104,0°12′17″W,-0.20458499,13.1916,194.569°
51°21′41″N,51.36131098,0°05′00″E,0.08328651,13.5858,137.902°
51°19′57″N,51.3323722,0°13′49″W,-0.2303292,12.8765,200.12°
51°24′11″N,51.40318183,0°21′38″W,-0.36062326,12.3457,234.417°
51°38′54″N,51.64824007,0°12′57″W,-0.21590072,10.4478,338.789°
51°40′05″N,51.66792947,0°13′53″W,-0.23145631,11.9586,338.178°
51°25′36″N,51.42654106,0°07′13″W,-0.12018756,5.5948,176.657°
51°21′27″N,51.35755485,0°10′20″W,-0.1721246,10.5283,190.479°
51°33′01″N,51.55036148,0°25′42″W,-0.428337,13.2619,283.071°
51°25′58″N,51.43275791,0°01′08″W,-0.01880166,6.9703,137.659°
51°29′28″N,51.49106203,0°01′20″E,0.02210446,6.5456,99.845°
51°22′15″N,51.37077843,0°00′48″E,0.01332379,11.227,147.166°
51°39′45″N,51.66239435,0°08′08″W,-0.13556257,10.7212,358.212°
51°38′59″N,51.64974601,0°10′47″W,-0.17984919,10.0929,347.213°
51°34′18″N,51.5716111,0°08′06″E,0.13496191,12.1358,68.43°
51°27′00″N,51.45006826,0°02′22″E,0.03937143,8.2117,118.76°
51°41′28″N,51.6910984,0°01′07″W,-0.01854879,13.5377,20.22°
51°37′37″N,51.62681906,0°08′52″E,0.14781114,14.4342,54.998°
51°41′27″N,51.69078194,0°06′52″W,-0.11446404,12.6909,2.572°
51°35′45″N,51.59574149,0°10′54″E,0.18154442,14.6295,65.196°
51°35′34″N,51.59275409,0°16′38″W,-0.27711437,8.7205,312.659°
51°18′37″N,51.31017967,0°03′20″W,-0.05555276,13.9787,167.105°
51°23′43″N,51.39532274,0°07′57″W,-0.13240376,7.7455,181.482°
51°28′55″N,51.48187048,0°02′18″W,-0.03835919,4.2309,114.563°
51°26′30″N,51.44168953,0°22′03″W,-0.3676047,11.2787,246.367°
51°22′27″N,51.37427199,0°21′46″W,-0.36275323,13.6783,227.836°
51°40′17″N,51.67127981,0°05′03″E,0.08416535,14.5323,38.688°
51°27′02″N,51.45045294,0°07′56″E,0.13211108,11.8574,109.268°
51°39′40″N,51.66100305,0°06′39″W,-0.11080484,10.6448,3.915°
51°30′36″N,51.51001067,0°10′42″W,-0.17826322,2.1804,274.856°
51°39′34″N,51.65944806,0°02′06″E,0.03500549,12.6243,33.558°
51°42′30″N,51.70838865,0°10′39″W,-0.17747507,14.0578,351.288°
51°40′49″N,51.68040304,0°03′16″E,0.05440381,14.291,33.111°
51°37′45″N,51.62904013,0°02′34″W,-0.04275849,9.1692,23.436°
51°25′15″N,51.42081593,0°23′42″W,-0.39500097,12.9689,242.641°
51°38′10″N,51.63618526,0°08′11″W,-0.1364784,8.9124,357.595°
51°33′51″N,51.56410064,0°22′53″W,-0.38127058,11.5833,289.892°
51°24′58″N,51.4160681,0°09′36″E,0.15992242,13.9021,116.877°
51°22′11″N,51.3696969,0°01′42″E,0.02845762,11.654,144.663°
51°27′43″N,51.46182296,0°03′48″E,0.06345926,8.8111,110.849°
51°32′01″N,51.53366456,0°09′09″E,0.15242727,12.1862,81.307°
51°27′55″N,51.46530223,0°00′02″E,0.00052089,6.2392,117.712°
51°24′59″N,51.41631099,0°12′38″W,-0.21060844,7.2334,209.585°
51°38′37″N,51.64350925,0°00′58″E,0.01616115,11.2596,33.245°
51°35′16″N,51.58773258,0°10′36″W,-0.17670948,5.9407,339.277°
51°31′58″N,51.53277003,0°10′23″W,-0.17308032,2.6241,312.048°
51°36′20″N,51.60563509,0°11′54″W,-0.19837893,7.4401,335.955°
51°40′33″N,51.67582351,0°05′52″W,-0.09775354,11.7152,6.302°
51°28′25″N,51.4736218,0°25′11″W,-0.4197311,12.7794,259.603°
51°41′23″N,51.68970262,0°01′41″E,0.02817193,14.271,27.915°
51°34′26″N,51.57382283,0°10′35″W,-0.17642085,5.0481,335.538°
51°19′53″N,51.3314743,0°05′49″W,-0.09682752,12.2288,173.729°
51°30′11″N,51.50319097,0°07′50″W,-0.13044862,0.3099,201.928°
51°17′51″N,51.29759191,0°12′30″W,-0.20844198,14.9093,193.525°
51°31′16″N,51.5212411,0°23′55″W,-0.39861165,11.6895,274.817°
51°40′10″N,51.66935685,0°00′40″W,-0.01115621,12.2658,24.048°
51°35′14″N,51.58720086,0°17′44″W,-0.2955572,9.0815,307.49°
51°21′13″N,51.35366279,0°06′58″E,0.11608854,14.9414,135.215°
51°24′15″N,51.40421878,0°04′15″W,-0.0708707,7.5374,161.009°
51°25′56″N,51.43210585,0°23′50″W,-0.39723035,12.7142,245.961°
51°29′06″N,51.48506823,0°22′31″W,-0.37536825,10.7652,261.872°
51°22′33″N,51.37575233,0°00′59″W,-0.01634938,10.2842,152.136°
51°22′20″N,51.37208986,0°01′51″W,-0.03077536,10.2399,155.88°
51°32′26″N,51.54064045,0°13′13″W,-0.22035375,4.5988,300.057°
51°31′16″N,51.52098471,0°09′36″E,0.16010516,12.4175,85.535°
51°30′18″N,51.50512361,0°04′46″W,-0.07949674,2.0819,94.222°
51°24′34″N,51.40950227,0°08′24″E,0.14003169,13.3691,120.284°
51°30′44″N,51.51225585,0°00′38″E,0.01051349,5.9576,86.684°
51°24′07″N,51.40185168,0°15′24″W,-0.25669348,9.1654,217.342°
51°33′34″N,51.55944126,0°09′35″W,-0.15960444,3.8518,339.19°
51°20′19″N,51.3387403,0°07′25″W,-0.1236137,11.6551,179.12°
51°39′55″N,51.66520129,0°19′57″W,-0.33245095,14.0106,321.221°
51°41′28″N,51.69115988,0°17′08″W,-0.28555486,14.3975,331.993°
51°31′49″N,51.53040096,0°21′19″W,-0.35536271,9.9176,279.333°
51°27′57″N,51.46583193,0°09′15″W,-0.1540564,3.0848,201.535°
51°38′57″N,51.64903177,0°03′28″W,-0.05787409,10.2421,17.014°
51°27′25″N,51.45706372,0°00′46″W,-0.01284239,6.0453,125.05°
51°19′18″N,51.3217148,0°02′52″W,-0.04772,13.2862,164.918°
51°20′37″N,51.34352969,0°16′28″W,-0.27444546,12.9679,209.233°
51°32′14″N,51.53726097,0°01′48″W,-0.02991938,4.688,63.796°
51°35′36″N,51.59326018,0°10′58″E,0.18282606,14.6094,65.898°
51°21′43″N,51.36198982,0°14′23″W,-0.23975787,11.1457,205.7°
51°28′47″N,51.47960146,0°00′11″W,-0.00303,5.6997,109.615°
51°36′27″N,51.60749205,0°07′00″E,0.1167947,12.5833,56.534°
51°29′06″N,51.48494792,0°20′55″W,-0.34860892,9.6284,260.832°
51°34′36″N,51.57671584,0°19′55″W,-0.33202065,10.004,298.715°
51°35′30″N,51.59159342,0°07′11″E,0.11973138,12.1262,61.207°
51°35′23″N,51.58965722,0°20′32″W,-0.34235201,10.8365,301.749°
51°30′26″N,51.50711208,0°23′01″W,-0.38369008,11.0099,270.014°
51°35′21″N,51.58911132,0°02′41″W,-0.04478517,6.6821,32.223°
51°24′54″N,51.41511502,0°21′21″W,-0.35594125,11.7129,237.115°
