"","Latitude","Longitude","Station","StationDistance"
"1",51.50120598,-0.01520869,"South Quay",0.227313579101276
"2",51.61109595,-0.10253475,"Palmers Green",1.00781911935597
"3",51.56898494,-0.42275639,"Ruislip",0.368873284650721
"4",51.64253677,-0.13301905,"Oakwood",0.573041571391084
"5",51.6679099,-0.29537024,"Stanmore",5.38999591337444
"6",51.52731726,0.05035443,"East Ham",1.32892600320874
"7",51.38849002,-0.30431225,"Surbiton",0.456978785111635
"8",51.34952857,-0.02980781,"Fieldway",0.419514017550106
"9",51.35572677,-0.0993525,"Purley Oaks",0.972311272054193
"10",51.70974208,-0.13589376,"Crews Hill",3.45056683293492
"11",51.6769324,-0.23750335,"High Barnet",4.10118433907437
"12",51.40599645,-0.08443552,"Norwood Junction",1.19237670134025
"13",51.51427419,-0.18055858,"Paddington",0.357064287964581
"14",51.56225832,0.01571756,"Leytonstone High Road",0.542932968702556
"15",51.54352521,-0.20012984,"Brondesbury",0.26837603893998
"16",51.48077665,0.20725693,"Slade Green",1.8548808523065
"17",51.49669159,0.138046,"Belvedere",1.10299024624843
"18",51.47880214,-0.07986781,"Peckham Rye",1.23987254651363
"19",51.52507186,0.16434182,"Dagenham East",2.12809299336627
"20",51.70025995,-0.26740369,"Edgware",9.58077367427509
"21",51.57949153,0.02466462,"Snaresbrook",0.269626149727731
"22",51.61760644,-0.40632238,"Northwood Hills",1.87974750424476
"23",51.51969292,-0.15468444,"Baker Street",0.411481441382048
"24",51.47007342,0.13447664,"Bexleyheath",0.729363769476849
"25",51.55397693,-0.35837151,"Northolt Park",0.411423588326232
"26",51.39528841,0.1416151,"St Mary Cray",2.38619870956354
"27",51.3701831,-0.05131822,"Coombe Lane",1.28830685708927
"28",51.56901136,-0.21490052,"Brent Cross",0.850762346371651
"29",51.47484127,-0.30039753,"Richmond",1.29405903584885
"30",51.58162495,-0.44039415,"West Ruislip",1.34999254173843
"31",51.68134181,0.04838856,"Chingford",5.98147570728269
"32",51.69180179,-0.18520065,"Hadley Wood",2.66906761780106
"33",51.51170349,-0.12444141,"Covent Garden",0.117559456269692
"34",51.69404657,-0.07738896,"Crews Hill",2.29159443983966
"35",51.57531188,-0.37735752,"Rayners Lane",0.43623913814187
"36",51.50939594,0.10451836,"Abbey Wood",2.33972519362974
"37",51.47482641,0.03025827,"Charlton",1.33616650604174
"38",51.59015962,-0.30292437,"Kenton",1.28357888561735
"39",51.60305892,-0.14527618,"New Southgate",1.23707744996463
"40",51.44983378,-0.22126005,"Putney",1.27801189838165
"41",51.49008428,0.06822257,"Woolwich Arsenal",0.071034734851137
"42",51.55912443,-0.12325698,"Upper Holloway",0.642740984644365
"43",51.71324688,-0.10080782,"Crews Hill",3.22613397583929
"44",51.48597482,-0.35832123,"Osterley",0.683067492383223
"45",51.47642719,-0.43476275,"Heathrow Terminals 123",1.34809696961268
"46",51.40542356,-0.15657033,"Mitcham Eastfields",0.374775412354179
"47",51.31875046,-0.17499635,"Woodmansterne",1.44223428556121
"48",51.40732285,0.09612288,"St Mary Cray",1.59546670477267
"49",51.46775165,0.02390664,"Kidbrooke",0.640309830985552
"50",51.51715075,0.18183058,"Rainham",0.614517188039775
"51",51.61534459,0.07298354,"Hainault",2.01560133042547
"52",51.63186642,0.07595601,"Hainault",3.46219001751374
"53",51.474139,0.16782572,"Erith",0.94690389121297
"54",51.58135565,-0.22428483,"Hendon Central",0.259550003347182
"55",51.46100262,-0.00026385,"Hither Green",0.957579670377586
"56",51.4307596,-0.24480915,"Raynes Park",2.59287893042554
"57",51.47870724,0.06125229,"Woolwich Arsenal",1.36177941071102
"58",51.64420007,-0.34166586,"Hatch End",4.26733905734971
"59",51.42907559,-0.14242257,"Streatham",0.78766742065198
"60",51.51510804,0.11271698,"Abbey Wood",2.75497771335417
"61",51.58038454,-0.10791453,"Harringay",0.385496030301014
"62",51.5095106,0.19071776,"Rainham",0.870644547997747
"63",51.48489622,-0.1860194,"West Brompton",0.711564553742025
"64",51.7019466,-0.02492593,"Enfield Lock",3.46638687134127
"65",51.43230336,-0.0963546,"West Norwood",0.487330959602692
"66",51.68480039,-0.09671827,"Crews Hill",0.698015004472753
"67",51.63086228,0.15218004,"Romford",6.60545244101259
"68",51.4645581,0.17468339,"Barnehurst",0.950829355895766
"69",51.67369848,-0.23713128,"High Barnet",3.8442249022078
"70",51.61158196,-0.19727012,"West Finchley",0.632732699370208
"71",51.65647984,-0.14453443,"Cockfosters",0.618512873572319
"72",51.52760019,-0.24474759,"Willesden Junction",0.518621936212788
"73",51.52080742,-0.3214949,"West Ealing",0.807505783565275
"74",51.53900505,-0.31091094,"Alperton",0.826272686927378
"75",51.6723459,-0.21184635,"High Barnet",2.6011532414531
"76",51.68895737,-0.06780403,"Turkey Street",2.30250192267422
"77",51.62983759,-0.14049194,"Southgate",0.92327535195972
"78",51.59891843,0.17591013,"Romford",2.74440850215304
"79",51.3638279,-0.36671512,"Hampton",5.80002617425933
"80",51.49925032,-0.20414523,"Kensington (Olympia)",0.456716040317638
"81",51.56831898,-0.39941051,"Eastcote",0.932945554143737
"82",51.65827114,-0.26346105,"Edgware",4.96239498437103
"83",51.55824363,0.14902026,"Dagenham Heathway",1.89607465410073
"84",51.63043738,-0.21788926,"Mill Hill East",2.52107810221474
"85",51.43371305,-0.11815904,"Streatham Hill",0.844414450927641
"86",51.39441661,-0.08806878,"Selhurst",0.278219099219745
"87",51.65759924,-0.19550653,"High Barnet",0.663888604091655
"88",51.49682801,0.1021687,"Abbey Wood",1.42298478213045
"89",51.35814752,0.03158856,"Hayes",2.45741680032167
"90",51.59815427,-0.03172483,"Blackhorse Road",1.48023465244569
"91",51.4036928,-0.20050698,"South Merton",0.35244848089276
"92",51.37114095,-0.04603972,"Gravel Hill",1.85677429844407
"93",51.40609304,-0.30094141,"Kingston",0.728302309545346
"94",51.65824933,-0.19249211,"High Barnet",0.738475931636907
"95",51.40636088,-0.38282493,"Hampton",1.29283185221885
"96",51.44406829,-0.16955406,"Wandsworth Common",0.489879412039416
"97",51.35941159,-0.24322577,"Worcester Park",2.41758398599951
"98",51.40408871,0.1198366,"St Mary Cray",1.35673139207954
"99",51.45103234,-0.28176221,"North Sheen",1.63151534569961
"100",51.51329544,-0.15376942,"Bond Street",0.293929918314672
"101",51.68996356,-0.07890674,"Crews Hill",2.01933224070206
"102",51.50805357,0.17399808,"Rainham",1.55024573463314
"103",51.61244786,0.16210384,"Romford",4.44635086748453
"104",51.5837449,-0.43778468,"West Ruislip",1.57418948599714
"105",51.57894465,-0.13958365,"Highgate",0.527127427827149
"106",51.5797809,-0.34006157,"Harrow-on-the-Hill",0.216887340144613
"107",51.36882457,-0.06389227,"Coombe Lane",1.04958625307416
"108",51.64505086,0.05692657,"Woodford",4.49462583010789
"109",51.57315843,0.05841561,"Gants Hill",0.651436112068805
"110",51.70439295,-0.20791185,"Hadley Wood",4.5480237135089
"111",51.49441764,-0.38370762,"Southall",1.32916743023079
"112",51.52979302,-0.00812759,"Bromley-by-Bow",0.60273307891817
"113",51.31834757,-0.23595786,"Banstead",2.00004314692415
"114",51.45238238,0.02282098,"Lee",0.730602204923417
"115",51.52741763,-0.46327606,"West Drayton",2.0244428132844
"116",51.58027643,-0.23109317,"Hendon Central",0.438425238963077
"117",51.68738259,-0.31721512,"Stanmore",7.59175357700039
"118",51.59170329,-0.30921999,"Kenton",1.20788033484214
"119",51.56611022,-0.17775035,"Hampstead",1.06400906784555
"120",51.54270178,-0.21381387,"Brondesbury Park",0.351621361785836
"121",51.56648178,0.10792485,"Goodmayes",0.266094583637934
"122",51.32761248,-0.23465021,"Banstead",1.50770118379204
"123",51.37303574,-0.21452336,"West Sutton",1.02852181640291
"124",51.52096369,-0.19029828,"Royal Oak",0.314186352230116
"125",51.30760714,-0.26035506,"Banstead",4.07325140332597
"126",51.52196059,0.07690052,"Gallions Reach",1.48022288108535
"127",51.46487268,-0.4331562,"Heathrow Terminal 4",1.15668213916671
"128",51.33068611,-0.30885038,"Chessington South",2.89574831171372
"129",51.37135943,-0.35568634,"Hampton",5.08004114044005
"130",51.52256895,-0.01786164,"Devons Road",0.0357061298957411
"131",51.44363619,-0.45400972,"Heathrow Terminal 4",1.84739213504824
"132",51.53659263,-0.29573163,"Alperton",0.575763678772714
"133",51.41972513,0.09586246,"Sidcup",1.71176571865051
"134",51.38243434,-0.15026684,"Hackbridge",0.566541202450348
"135",51.55670994,0.08617367,"Seven Kings",1.07201956017197
"136",51.46157919,-0.25900005,"Mortlake",0.926584854459775
"137",51.53981594,-0.16659565,"St. Johns Wood",0.755122793622636
"138",51.61802177,0.01861165,"Chingford",1.80600475871284
"139",51.40579218,-0.34301369,"Teddington",2.19968850967299
"140",51.48839647,-0.13551908,"Pimlico",0.21149517077693
"141",51.45378525,-0.21874975,"Putney",0.810907556285365
"142",51.51924813,-0.19938353,"Westbourne Park",0.219127220402722
"143",51.59744929,-0.06622329,"Bruce Grove",0.478297631922211
"144",51.444329,-0.04467073,"Honor Oak Park",0.703634574248228
"145",51.52900698,-0.37964277,"Northolt",2.2721391318174
"146",51.65334149,-0.24457645,"Mill Hill Broadway",4.51302535381813
"147",51.43483427,-0.24404495,"Raynes Park",2.99602157030622
"148",51.39936985,-0.245367,"Motspur Park",0.610524695207966
"149",51.46578922,0.03192916,"Kidbrooke",0.425963745583583
"150",51.66009976,-0.12614061,"Oakwood",1.44037174959077
"151",51.30895517,-0.15984107,"Woodmansterne",1.18460582174119
"152",51.47266949,-0.03011498,"New Cross",0.443798060439928
"153",51.47743196,-0.25622908,"Barnes Bridge",0.638023585267595
"154",51.49956531,0.17101529,"Erith",2.00509948642393
"155",51.34340561,0.06441798,"Orpington",3.75986157492765
"156",51.62533338,-0.10234765,"Winchmore Hill",0.956321311211287
"157",51.4621589,-0.3339811,"Twickenham",1.37107181061421
"158",51.42447776,-0.35614966,"Fulwell",1.15110409705968
"159",51.36768533,-0.29586042,"Chessington North",0.498513629411364
"160",51.54873711,0.06221944,"Ilford",1.24071439304259
"161",51.48210772,0.04445354,"Woolwich Dockyard",1.22380776053398
"162",51.3431364,-0.11411324,"Purley",0.642902159077375
"163",51.56724201,0.04460692,"Redbridge",1.01615383768683
"164",51.51247165,-0.32498543,"West Ealing",0.383123544771469
"165",51.4844673,0.18963576,"Erith",1.10887461073164
"166",51.54469553,-0.04003217,"Homerton",0.236405371665901
"167",51.38284638,-0.32467055,"Surbiton",1.77777203407118
"168",51.42695173,-0.09433788,"West Norwood",0.776416342646226
"169",51.4465749,-0.10308521,"Tulse Hill",0.766549628014093
"170",51.47297801,-0.44398241,"Heathrow Terminals 123",0.612040470558756
"171",51.60534907,0.13061836,"Hainault",2.5357819818383
"172",51.4384633,0.15127705,"Bexley",0.336600587789451
"173",51.55892626,-0.11288983,"Holloway Road",0.679420412076834
"174",51.3360928,-0.02763175,"King Henry's Drive",1.15138394769842
"175",51.49608557,-0.46173504,"West Drayton",1.71443687174588
"176",51.55410216,-0.4529804,"Hillingdon",0.217130829366144
"177",51.66009746,-0.04308322,"Brimsdown",0.988432154274894
"178",51.61755281,0.00525228,"Highams Park",1.08785943824635
"179",51.47002965,0.10831253,"Welling",0.738443264526547
"180",51.46041734,0.05871721,"Eltham",0.688889146135542
"181",51.70006489,-0.2175824,"Hadley Wood",4.51558452656609
"182",51.56669249,0.04501768,"Redbridge",1.07608555376673
"183",51.63161607,-0.07428043,"Bush Hill Park",1.15032656809967
"184",51.29706511,-0.07446042,"Kenley",3.58193354225048
"185",51.4733112,-0.04985207,"Queens Road Peckham",0.529832460113644
"186",51.44126011,0.13465171,"Albany Park",0.830051056440996
"187",51.53443807,-0.01551353,"Pudding Mill Lane",0.191258179834809
"188",51.57549172,-0.38906211,"Eastcote",0.548165018836578
"189",51.50327706,0.20086892,"Rainham",1.71465462346746
"190",51.63698017,-0.16101942,"Oakleigh Park",0.364492239779745
"191",51.64472588,-0.32183217,"Stanmore",3.07154341179332
"192",51.51778247,0.05441586,"Beckton",0.62162317243188
"193",51.32852036,-0.19215984,"Belmont",1.80749966738967
"194",51.44237672,-0.22269856,"Southfields",1.15035142171387
"195",51.38381765,0.06766088,"Petts Wood",0.712409494122161
"196",51.67423385,-0.03777802,"Turkey Street",0.674079043961914
"197",51.65172425,0.12008277,"Hainault",5.72286589706111
"198",51.31810041,-0.0898216,"Kenley",1.07153028821209
"199",51.43309958,0.01569648,"Grove Park",0.563769957257992
"200",51.57334368,-0.01808794,"Walthamstow Central",1.08322127610936
"201",51.70929654,-0.04522198,"Turkey Street",4.07681808272348
"202",51.6300503,0.08855316,"Hainault",3.04940194731408
"203",51.69628155,-0.16932988,"Hadley Wood",3.13985947361875
"204",51.46231178,0.00960032,"Blackheath",0.35499675519705
"205",51.64653667,-0.24001866,"Mill Hill Broadway",3.80047743870188
"206",51.49947737,0.19446052,"Rainham",2.00320885327945
"207",51.52546495,-0.46284207,"West Drayton",1.82913969323507
"208",51.37250486,-0.3485995,"Chessington South",3.37607062582374
"209",51.66541416,0.05565032,"Chingford",4.78688440801133
"210",51.50768728,-0.07174835,"Tower Gateway",0.35221653075358
"211",51.55502426,0.1360186,"Chadwell Heath",1.52903067177187
"212",51.48733015,-0.00808079,"Island Gardens",0.179784159793028
"213",51.62269386,-0.05470988,"Edmonton Green",0.548060959246069
"214",51.48555408,-0.41578113,"Hayes & Harlington",1.97408044728304
"215",51.50655912,-0.47583499,"West Drayton",0.465988363286663
"216",51.31229351,-0.00989828,"New Addington",3.40862847574164
"217",51.43909712,-0.37851027,"Whitton",1.85672469195816
"218",51.5246892,-0.27026939,"Acton Main Line",0.885936808636687
"219",51.44048755,-0.16652249,"Wandsworth Common",0.685883374680412
"220",51.53323784,-0.01221604,"Pudding Mill Lane",0.12678939948595
"221",51.61895344,-0.13611908,"Arnos Grove",0.329008700402202
"222",51.58640978,0.12121415,"Chadwell Heath",2.11007864350846
"223",51.51390901,-0.04784855,"Stepney Green",0.899828614505486
"224",51.40069532,-0.30665448,"Surbiton",0.914049627810405
"225",51.66591591,0.03169407,"Chingford",3.94073200213363
"226",51.57792841,0.07796667,"Gants Hill",0.834264849847272
"227",51.67560766,0.0750819,"Hainault",8.19681065658646
"228",51.36224212,0.0743055,"Orpington",1.61845217158811
"229",51.34932974,-0.17575433,"Carshalton Beeches",0.996182221273182
"230",51.49586819,-0.12683089,"Westminster",0.628377927421672
"231",51.65420138,-0.2420209,"Mill Hill Broadway",4.62478376372303
"232",51.44121077,0.17772162,"Crayford",0.817582907154431
"233",51.46132651,0.12334002,"Bexleyheath",0.738005878348103
"234",51.33421422,0.05895449,"Orpington",4.84437070399116
"235",51.65418677,-0.24027714,"Mill Hill Broadway",4.63818952569665
"236",51.69586263,-0.26895928,"Edgware",9.0869852450174
"237",51.48558996,-0.35283813,"Osterley",0.489080311224048
"238",51.32297793,0.02241378,"New Addington",3.52064839597243
"239",51.45018383,-0.30562686,"Richmond",1.47596627257854
"240",51.59897462,-0.41189229,"Northwood Hills",0.271022912094359
"241",51.55545394,-0.0876508,"Canonbury",0.876294192607625
"242",51.51189543,-0.07838743,"Fenchurch Street",0.0380409199387595
"243",51.71559361,-0.1566225,"Hadley Wood",5.42445797795433
"244",51.62613849,-0.11252055,"Palmers Green",0.832262278256036
"245",51.54957378,-0.44769504,"Hillingdon",0.491322602464421
"246",51.6902382,-0.24476175,"High Barnet",5.52771998226269
"247",51.31641685,-0.05350879,"Gravel Hill",4.30060286633108
"248",51.63651201,0.08826769,"Hainault",3.76532800722257
"249",51.44405248,-0.05872309,"Forest Hill",0.647168641427155
"250",51.47100549,0.06592787,"Falconwood",1.5868575308636
"251",51.5611003,-0.39997285,"South Ruislip",0.471984749568488
"252",51.52239129,0.2082919,"Rainham",1.34010955607181
"253",51.52136962,-0.02432253,"Bow Road",0.630720610663014
"254",51.50475525,-0.45667164,"West Drayton",1.22422100053826
"255",51.33198022,-0.24012551,"Banstead",1.90005231136425
"256",51.71959109,-0.08859456,"Crews Hill",4.10199812323911
"257",51.67211165,-0.30342217,"Stanmore",5.83090484009578
"258",51.48800341,0.17694134,"Erith",0.73043398763547
"259",51.46942482,-0.30279213,"Richmond",0.692466464495539
"260",51.62782451,-0.39615896,"Northwood Hills",3.13863737684378
"261",51.64357782,-0.26831596,"Edgware",3.29658846124958
"262",51.6057989,-0.32166144,"Harrow & Wealdstone",1.70597089249911
"263",51.49360504,-0.33906282,"Boston Manor",1.02072202176682
"264",51.71764713,-0.08636143,"Crews Hill",3.94912076641065
"265",51.49793849,0.05738732,"King George V",0.562811917789473
"266",51.64475493,0.0179995,"Chingford",1.40617602020814
"267",51.52347794,0.19025077,"Rainham",0.683180837583618
"268",51.5712223,-0.17413326,"Hampstead",1.65404617867292
"269",51.5720231,-0.34202428,"Harrow-on-the-Hill",0.889866685604712
"270",51.49807012,-0.01777648,"South Quay",0.314062991779704
"271",51.68578117,-0.27962399,"Stanmore",7.52691581831362
"272",51.50338906,0.07115464,"Gallions Reach",0.629240676020633
"273",51.57785637,-0.30086792,"Preston Road",0.75894080148707
"274",51.3756343,-0.26529222,"Malden Manor",1.0394326734035
"275",51.41683262,-0.2346928,"Raynes Park",0.893384928514438
"276",51.43937531,-0.40187871,"Feltham",1.09375793369388
"277",51.5589076,0.14467034,"Dagenham Heathway",1.97876303240459
"278",51.49636916,-0.44370334,"Hayes & Harlington",1.76158596933344
"279",51.41936506,0.11790166,"Albany Park",1.92302280715193
"280",51.6119303,0.15986114,"Romford",4.44547577893216
"281",51.4861573,0.07052844,"Woolwich Arsenal",0.426860642986461
"282",51.51478393,-0.37908615,"Southall",0.981884361443206
"283",51.42652244,0.15072545,"Bexley",1.59868111146486
"284",51.58770424,-0.1849539,"Finchley Central",1.57448213609243
"285",51.52421374,-0.28773086,"Park Royal",0.350509170618525
"286",51.55001939,-0.12417955,"Caledonian Road",0.467956750031668
"287",51.39303667,-0.00652372,"West Wickham",1.42087709342079
"288",51.40901277,-0.35398367,"Hampton",1.47148603293985
"289",51.32512469,0.05721167,"Orpington",5.81770184085858
"290",51.46873274,-0.04540599,"Nunhead",0.620180845497422
"291",51.47086737,-0.4631236,"Heathrow Terminals 123",0.744740526739643
"292",51.38586273,0.11035494,"St Mary Cray",1.01271421007972
"293",51.64984768,-0.21437471,"High Barnet",1.41019462380055
"294",51.36622201,-0.14124832,"Wallington",0.934531480029787
"295",51.49313415,-0.46925124,"West Drayton",1.89406650744976
"296",51.55401879,0.13466824,"Chadwell Heath",1.60974401031196
"297",51.5898767,-0.33711245,"Harrow & Wealdstone",0.36161287372877
"298",51.4739384,-0.42456001,"Heathrow Terminal 4",2.24747195667275
"299",51.46828736,-0.02635421,"St Johns",0.229773683012381
"300",51.54764755,-0.28060343,"Stonebridge Park",0.543950916241231
"301",51.627729,-0.3077132,"Stanmore",0.951010822962134
"302",51.56802446,-0.13441533,"Archway",0.285786790828094
"303",51.55480615,0.08339512,"Ilford",1.12456167578977
"304",51.49571115,0.08993421,"Plumstead",0.764548205233603
"305",51.42297438,-0.09523126,"West Norwood",1.07157410258626
"306",51.67933469,0.08056664,"Hainault",8.55652068768189
"307",51.4971188,-0.00604366,"Crossharbour & London Arena",0.630603500830011
"308",51.46099363,-0.27347453,"Mortlake",0.90884829276424
"309",51.49662484,-0.23125066,"Ravenscourt Park",0.432300235116106
"310",51.69365971,-0.29863895,"Stanmore",8.23260782865967
"311",51.44007059,-0.3177628,"Twickenham",1.36799652432417
"312",51.50024419,0.1758749,"Erith",2.07080263027185
"313",51.40966467,0.06278003,"Chislehurst",0.581588733957988
"314",51.37919379,-0.05349385,"Arena",1.41097394915998
"315",51.70818198,-0.04416543,"Turkey Street",3.95615863663695
"316",51.42835687,-0.29267098,"Kingston",1.8431797616133
"317",51.52579714,-0.40877871,"Hayes & Harlington",2.65903260077475
"318",51.65989041,-0.29008955,"Stanmore",4.56095032198543
"319",51.34820199,-0.00363782,"New Addington",1.13968208143977
"320",51.61544342,-0.40623907,"Northwood Hills",1.64161213325606
"321",51.68180273,-0.05000699,"Turkey Street",1.0353776949378
"322",51.66693557,-0.11344464,"Crews Hill",2.00288311823963
"323",51.49064459,-0.35780754,"Osterley",1.12078290499832
"324",51.69679161,-0.23596611,"High Barnet",5.78504714617564
"325",51.33452976,0.03373112,"Hayes",4.86564447590924
"326",51.30617961,-0.24310865,"Banstead",3.30901704086194
"327",51.44473912,-0.00465117,"Hither Green",0.889679480692643
"328",51.31236919,-0.26353094,"Banstead",3.97675374504745
"329",51.63760274,0.03803618,"Chingford",2.02599713164191
"330",51.38091135,-0.24051783,"Worcester Park",0.350654532179932
"331",51.6107263,0.171486,"Romford",4.09145241616916
"332",51.54341616,-0.32537784,"Perivale",0.802848701963044
"333",51.48773232,0.02196509,"Westcombe Park",0.461784899059206
"334",51.30691448,-0.07305179,"Kenley",2.77416398731238
"335",51.42342454,-0.21482244,"Wimbledon",0.622566240639207
"336",51.49580295,-0.13193059,"St. James's Park",0.443965193731272
"337",51.62086666,0.09843629,"Hainault",2.02589477012063
"338",51.47383708,-0.21893808,"Putney Bridge",0.939087038706222
"339",51.52585295,-0.47191527,"West Drayton",1.75492491564323
"340",51.65767761,0.03686371,"Chingford",3.30653757999835
"341",51.57000807,0.07301153,"Gants Hill",0.87056095777347
"342",51.4650137,0.00114374,"Blackheath",0.501191350051922
"343",51.4829051,-0.41866001,"Hayes & Harlington",2.24405121081211
"344",51.53895604,0.05973815,"East Ham",0.568551233547715
"345",51.51645367,0.16128084,"Dagenham Dock",1.56760851781819
"346",51.38809748,-0.40283934,"Hampton",3.752885350978
"347",51.48090298,-0.1568699,"Battersea Park",0.725909904451335
"348",51.63602193,-0.22736865,"Mill Hill Broadway",2.99425575434594
"349",51.55702198,-0.12587794,"Upper Holloway",0.766983873200558
"350",51.36707045,-0.12994863,"Waddon",0.873234052269257
"351",51.71244021,-0.09526374,"Crews Hill",3.21016895603905
"352",51.48975564,0.19549663,"Slade Green",2.47120530215751
"353",51.38160184,0.00949618,"Hayes",0.653784033444875
"354",51.43076734,-0.16567154,"Tooting Broadway",0.462765698629684
"355",51.35050597,-0.35528715,"Chessington South",3.41821202207441
"356",51.5816133,-0.35130336,"West Harrow",0.346322860010803
"357",51.69385363,-0.03088943,"Enfield Lock",2.56417682363438
"358",51.42001199,-0.40622736,"Feltham",3.10863179834424
"359",51.33124575,-0.25082801,"Banstead",2.62899628445783
"360",51.31190888,-0.18561533,"Woodmansterne",2.31897389490212
"361",51.4808311,0.00128776,"Maze Hill",0.277107134015142
"362",51.49084077,0.18804189,"Erith",1.3976845972567
"363",51.65720032,0.08591858,"Hainault",6.07047208376006
"364",51.66032465,-0.06010979,"Southbury",1.4109981152144
"365",51.52860541,0.05048554,"East Ham",1.18540370008383
"366",51.33326265,-0.1355613,"Smitham",1.20500913908306
"367",51.52897142,-0.3746471,"Northolt",2.18239150237162
"368",51.42727185,-0.31872766,"Hampton Wick",1.45798762222887
"369",51.61618005,-0.10677182,"Palmers Green",0.376761953544405
"370",51.38451573,-0.3597526,"Hampton",3.59149833138071
"371",51.39635761,-0.00523947,"Shortlands",1.16891345911915
"372",51.58690814,-0.34618863,"West Harrow",1.03298138827475
"373",51.45401539,-0.14302981,"Clapham South",0.373265114843897
"374",51.42700437,-0.33926247,"Teddington",0.534128358637224
"375",51.58430214,0.01936401,"Snaresbrook",0.406434841993962
"376",51.69488427,-0.00944004,"Enfield Lock",2.97471249735122
"377",51.35500117,-0.24832288,"Worcester Park",2.9088857066468
"378",51.60862882,-0.36989642,"Hatch End",0.142661105489811
"379",51.36311202,0.06882623,"Orpington",1.8190990452141
"380",51.60447734,-0.2653783,"Burnt Oak",0.226309764270126
"381",51.51738098,-0.25015412,"East Acton",0.188909698146245
"382",51.65209413,-0.0178649,"Brimsdown",0.97651792271811
"383",51.60007335,0.17439259,"Romford",2.89072863230591
"384",51.57278422,-0.15971026,"Highgate",1.03611375968812
"385",51.39793492,-0.21766279,"Wimbledon Chase",1.3132134290799
"386",51.67543732,-0.01109465,"Enfield Lock",1.29646200660378
"387",51.47753514,-0.0078625,"Cutty Sark for Maritime Greenwich",0.524860782118772
"388",51.4738633,0.07017488,"Woolwich Arsenal",1.78524518601305
"389",51.69918945,0.03166942,"Enfield Lock",5.20273141317134
"390",51.39382454,-0.07428953,"Norwood Junction",0.353647304021346
"391",51.43899818,-0.39465163,"Feltham",1.44184698825385
"392",51.6546946,-0.15922366,"Cockfosters",0.708289986752121
"393",51.49368888,-0.00915411,"Island Gardens",0.644682563027744
"394",51.40313496,-0.07530886,"Norwood Junction",0.687299610896669
"395",51.39309757,0.13618918,"St Mary Cray",2.01755251358339
"396",51.5470047,0.12087283,"Becontree",0.924137735465665
"397",51.62493377,-0.26285206,"Edgware",1.4591998137361
"398",51.34789233,-0.32860384,"Chessington South",1.78757799433131
"399",51.51281701,0.11792004,"Abbey Wood",2.45541906771681
"400",51.55325201,-0.07640795,"Dalston Kingsland",0.50991698603589
"401",51.61072583,-0.36869657,"Hatch End",0.10487149093687
"402",51.53407219,-0.39472908,"South Ruislip",2.5552157679796
"403",51.49184231,-0.34970507,"Osterley",1.19290191305592
"404",51.31535446,0.01645972,"New Addington",3.83357874292778
"405",51.48878415,-0.46737092,"West Drayton",2.39013802348717
"406",51.36758113,0.11722002,"Chelsfield",1.38176237169876
"407",51.35587653,-0.29566085,"Chessington North",0.98827640482316
"408",51.3842954,0.0735821,"Petts Wood",0.482705772050061
"409",51.468429,-0.28736322,"North Sheen",0.341443438410625
"410",51.61792825,-0.06566497,"Silver Street",0.562870681588076
"411",51.64313553,-0.054237,"Southbury",0.595595592406427
"412",51.51167185,-0.16509417,"Marble Arch",0.519331964079578
"413",51.44299472,0.15055214,"Bexley",0.291438155324092
"414",51.62967079,-0.16221202,"Oakleigh Park",0.931365230730903
"415",51.43581984,-0.00606892,"Bellingham",1.01675010730816
"416",51.32057238,-0.16541143,"Woodmansterne",0.794810230163577
"417",51.36965727,-0.34266926,"Chessington South",2.86033901720163
"418",51.35638682,-0.30758638,"Chessington South",0.0501091255001304
"419",51.51425966,0.14338458,"Dagenham Dock",1.34232681751229
"420",51.43461761,-0.39251553,"Feltham",1.90035543572136
"421",51.70223814,-0.19133212,"Hadley Wood",3.8975752194729
"422",51.53278741,-0.41975378,"Ruislip Gardens",3.10707659913849
"423",51.51304063,0.09042577,"Gallions Reach",1.36445660324296
"424",51.72200529,-0.14383183,"Crews Hill",4.89056266934793
"425",51.57832704,-0.15614683,"Highgate",0.642035410192671
"426",51.51043139,0.21413834,"Rainham",1.79427015436011
"427",51.51392748,-0.3320515,"Drayton Green",0.286708866986164
"428",51.3260272,-0.19355868,"Belmont",2.05337553918886
"429",51.54020919,-0.23734276,"Willesden Junction",0.995881367083381
"430",51.46486573,-0.03949257,"Brockley",0.122514541441114
"431",51.39095567,-0.42134204,"Hampton",4.39754116660454
"432",51.57845094,-0.37681981,"Rayners Lane",0.5239328606974
"433",51.50633543,0.07621197,"Gallions Reach",0.428622802610162
"434",51.48083229,-0.31453622,"Brentford",0.819849047352822
"435",51.43890561,0.13388121,"Albany Park",0.61865970796783
"436",51.41873233,-0.28138021,"Norbiton",0.783224012072855
"437",51.4053647,0.16389793,"Bexley",4.08901712632013
"438",51.48136492,-0.35646608,"Osterley",0.304059646977738
"439",51.70054566,-0.27943211,"Stanmore",9.13937630720977
"440",51.51536451,-0.27190926,"Acton Main Line",0.338352085869125
"441",51.30794313,-0.19473557,"Banstead",2.6959117384468
"442",51.68781083,0.04738243,"Chingford",6.60453899279511
"443",51.54351205,-0.38322063,"Northolt",1.14885130397251
"444",51.37075015,-0.2106346,"West Sutton",0.659827568193267
"445",51.48030034,-0.29201589,"Kew Gardens",0.603717900172744
"446",51.64934234,-0.27419582,"Edgware",3.90482844655984
"447",51.46204559,0.06606084,"Falconwood",0.92405429380988
"448",51.52285437,-0.05005184,"Stepney Green",0.208781141867318
"449",51.34671644,-0.05705059,"Coombe Lane",1.46369472451418
"450",51.58009312,-0.12362914,"Crouch Hill",1.0735529114133
"451",51.71731174,-0.04033745,"Turkey Street",4.98832821913275
"452",51.60272998,0.02310195,"Woodford",0.906131333829666
"453",51.41041893,-0.4178625,"Feltham",4.20263758978948
"454",51.65693867,0.0721392,"Hainault",6.20335108848565
"455",51.46864568,0.14232835,"Bexleyheath",0.839954720599659
"456",51.64095334,-0.03780502,"Ponders End",0.301224750068169
"457",51.49793695,-0.38019404,"Southall",0.897785871437387
"458",51.52212078,-0.40777763,"Hayes & Harlington",2.29955936998027
"459",51.62052213,0.05901472,"Woodford",2.27160746217864
"460",51.69680141,-0.26552191,"Edgware",9.2052010418691
"461",51.41377557,-0.26462324,"New Malden",1.27763846319106
"462",51.43257621,-0.20152617,"Wimbledon Park",0.276275313347619
"463",51.65592468,-0.20048919,"High Barnet",0.642725336357869
"464",51.45532545,-0.23894285,"Barnes",1.3295490713912
"465",51.41894521,0.04616476,"Elmstead Woods",0.246440145555758
"466",51.35127051,0.06235079,"Orpington",3.09117143341158
"467",51.62419954,-0.27262635,"Edgware",1.12146015683224
"468",51.43008943,-0.36970341,"Hampton",1.58892742280412
"469",51.29774341,-0.0399403,"New Addington",5.22764194779622
"470",51.70524005,-0.21174912,"Hadley Wood",4.76029161552175
"471",51.57325189,-0.0832327,"Stamford Hill",0.473690877957785
"472",51.34398924,-0.02101129,"King Henry's Drive",0.161754291660241
"473",51.33748536,-0.13235631,"Reedham",0.916390383490182
"474",51.38201398,-0.30375374,"Surbiton",1.17784091693152
"475",51.66878825,-0.15179033,"Cockfosters",1.86858816698697
"476",51.37345911,-0.34420683,"Chessington South",3.18063722164055
"477",51.49719613,-0.02303145,"South Quay",0.516762745711191
"478",51.57621221,0.16642841,"Romford",1.16319638269777
"479",51.60712638,-0.41433418,"Northwood Hills",0.784512963254982
"480",51.44139876,0.19741435,"Crayford",1.53197016312024
"481",51.34971108,-0.24604059,"Worcester Park",3.49094974260148
"482",51.49560541,-0.10518845,"Elephant & Castle",0.310227261351307
"483",51.43564295,-0.09322061,"West Dulwich",0.612201480853539
"484",51.69676882,-0.23436965,"High Barnet",5.72875616951008
"485",51.55192699,-0.16594841,"Belsize Park",0.23699545513584
"486",51.36093297,-0.23376957,"Cheam",1.48906137197393
"487",51.3346009,-0.15417257,"Woodmansterne",1.73268083149455
"488",51.61285566,-0.25348551,"Mill Hill Broadway",0.273638096911204
"489",51.354667,-0.31375753,"Chessington South",0.516410104152706
"490",51.53497713,0.16106442,"Dagenham East",1.07623358125591
"491",51.56325394,0.0027052,"Leytonstone High Road",0.389476280208759
"492",51.34323863,0.0294797,"Hayes",3.85464236675954
"493",51.63525405,-0.298234,"Stanmore",1.76454087473404
"494",51.40469228,-0.11235486,"Norbury",1.02232609314384
"495",51.44411256,-0.16934259,"Wandsworth Common",0.474819474461293
"496",51.50299027,-0.27250817,"South Acton",0.400643746151602
"497",51.5636913,0.06261621,"Ilford",0.657807994172265
"498",51.39313125,4.682e-05,"Shortlands",1.39964566299808
"499",51.47618053,-0.22633036,"Hammersmith (Dis)",1.75566042584094
"500",51.38374469,0.12106952,"St Mary Cray",1.55626657043075
"501",51.31287105,-0.08719677,"Kenley",1.62751280397416
"502",51.30091109,-0.02458656,"New Addington",4.66160067242317
"503",51.51997053,0.20368449,"Rainham",0.944403617298287
"504",51.69644373,0.00234269,"Enfield Lock",3.54777992350886
"505",51.66345643,-0.05615252,"Turkey Street",1.19405408830921
"506",51.61252652,-0.15037252,"New Southgate",0.538364522598704
"507",51.48042287,-0.17009805,"Imperial Wharf",1.07166514399137
"508",51.66370006,-0.30297652,"Stanmore",4.89553796304387
"509",51.50778234,0.01923424,"Royal Victoria",0.166042974471907
"510",51.5452855,-0.09052375,"Canonbury",0.352155511359333
"511",51.57789701,0.02579303,"Wanstead",0.391610738773062
"512",51.37822699,0.04889962,"Bickley",2.48368053168986
"513",51.45703818,-0.32143339,"St Margarets",0.20390547774597
"514",51.5851724,-0.17669985,"East Finchley",0.861202610221768
"515",51.44660969,-0.45123698,"Heathrow Terminal 4",1.48471726534007
"516",51.61246529,-0.34080057,"Headstone Lane",1.56937445250721
"517",51.38042698,0.10271916,"St Mary Cray",1.62417011562894
"518",51.66567711,-0.02848402,"Enfield Lock",0.574815974763817
"519",51.51733854,-0.19747848,"Westbourne Park",0.468784077965543
"520",51.34020954,-0.31602649,"Chessington South",1.93666626519016
"521",51.65268124,0.12827438,"Hainault",6.02206827591441
"522",51.61700081,0.09123496,"Hainault",1.58660269379365
"523",51.65173429,-0.28928338,"Stanmore",3.69005022523162
"524",51.45230944,-0.09697709,"Herne Hill",0.428969489419552
"525",51.38555013,0.07802228,"Petts Wood",0.418165571111943
"526",51.46669142,0.05155364,"Eltham",1.22761258754958
"527",51.63943922,0.14449878,"Hainault",5.35275903022737
"528",51.37287453,-0.10032322,"George Street",0.165432888524897
"529",51.42794442,-0.30883821,"Hampton Wick",1.50845531761032
"530",51.32947933,-0.32584089,"Chessington South",3.29600384507727
"531",51.69621454,-0.25249452,"High Barnet",6.37957441790593
"532",51.39730386,0.03424246,"Bickley",0.77818944901883
"533",51.52276893,0.1425802,"Dagenham Dock",0.426772108680199
"534",51.71848344,-0.06479578,"Turkey Street",5.23810980527951
"535",51.61744249,-0.24243681,"Mill Hill Broadway",0.705504803990571
"536",51.5970882,-0.02580431,"Walthamstow Central",1.61636500419524
"537",51.38418021,0.09694468,"Orpington",1.30606506412123
"538",51.41824222,-0.24078231,"Raynes Park",1.24170053320009
"539",51.53129297,-0.28293916,"Park Royal",0.514294429263424
"540",51.50808675,-0.10849375,"Southwark",0.506777031747447
"541",51.47743427,-0.25464495,"Barnes Bridge",0.600358045136321
"542",51.42352563,-0.06677134,"Crystal Palace",0.719404228332135
"543",51.57751639,0.07257788,"Gants Hill",0.460383378971729
"544",51.66670542,-0.33682433,"Stanmore",5.72451119919689
"545",51.3692295,-0.31566042,"Chessington South",1.51491516503635
"546",51.530122,-0.09696616,"Angel",0.673875509891752
"547",51.42936712,0.0620456,"New Eltham",1.0939697011069
"548",51.52108472,-0.08247125,"Liverpool Street",0.388018969029046
"549",51.61523825,0.00039028,"Highams Park",0.766085482067351
"550",51.32553449,-0.20279375,"Banstead",0.830222904595853
"551",51.53512807,0.06159594,"East Ham",0.833251855183173
"552",51.55789052,0.05508716,"Manor Park",0.855196319766734
"553",51.6503599,0.12502649,"Hainault",5.6977789530492
"554",51.47554345,-0.39132025,"Hounslow West",0.474718450513334
"555",51.60323817,-0.16831422,"East Finchley",1.78587282331457
"556",51.43592451,-0.40611912,"Feltham",1.35369479983745
"557",51.67506869,-0.29811466,"Stanmore",6.16920463664923
"558",51.46178947,-0.15497347,"Clapham South",1.12351481195571
"559",51.39308982,-0.21826325,"South Merton",1.43304169726116
"560",51.33659306,-0.1004842,"Riddlesdown",0.441243392496896
"561",51.3677063,0.02304152,"Hayes",1.26382626003815
"562",51.6743,-0.32867704,"Stanmore",6.32564608321257
"563",51.61823951,0.09102324,"Hainault",1.72508702978799
"564",51.38678963,-0.08236033,"Selhurst",0.795372841593093
"565",51.54310312,0.13862714,"Dagenham Heathway",0.661369873805369
"566",51.53149995,0.1179324,"Becontree",1.09205061202541
"567",51.50164881,-0.26173975,"Acton Central",0.798951317380159
"568",51.52026667,-0.00166175,"Star Lane",0.407677495272042
"569",51.64055335,-0.35855231,"Hatch End",3.49409586426526
"570",51.49458896,-0.4147095,"Hayes & Harlington",1.0260542322632
"571",51.48665655,-0.37284485,"Hounslow Central",1.81329354398982
"572",51.38646633,0.02488318,"Bromley South",1.59264900659337
"573",51.33134361,-0.18017136,"Belmont",1.95357073797047
"574",51.57343998,-0.43333053,"West Ruislip",0.529945974789579
"575",51.63770787,0.13885468,"Hainault",4.9562436557902
"576",51.54849309,-0.40136954,"South Ruislip",0.946809174171005
"577",51.39085009,-0.30363651,"Surbiton",0.201083667721502
"578",51.61184278,-0.37015427,"Hatch End",0.234171301946568
"579",51.45916946,-0.45511833,"Heathrow Terminal 4",0.517384281076405
"580",51.53479942,-0.16632629,"St. Johns Wood",0.534294597329476
"581",51.43631234,-0.09881284,"West Norwood",0.639847090695618
"582",51.53811014,-0.02584789,"Hackney Wick",0.607252588011815
"583",51.40923097,-0.04805493,"Avenue Road",0.28691396160832
"584",51.43781029,-0.44432935,"Heathrow Terminal 4",2.45421582668029
"585",51.33159937,0.07578106,"Chelsfield",3.58402419727443
"586",51.46986677,-0.3059571,"Richmond",0.793777562717455
"587",51.48786711,-0.06799076,"Bermondsey",1.15084291931522
"588",51.37877015,0.01464476,"Hayes",0.459122303225486
"589",51.60544777,0.09473664,"Hainault",0.292466664993548
"590",51.57672961,-0.03688915,"St James Street",0.516018543144703
"591",51.39318258,0.09822023,"St Mary Cray",0.649385784255664
"592",51.62308051,-0.42084033,"Northwood",1.3355093976227
"593",51.58134289,0.01516227,"Snaresbrook",0.43930365665145
"594",51.3740896,-0.21311888,"West Sutton",1.06142042979418
"595",51.69312728,-0.20404577,"Hadley Wood",3.33880161456842
"596",51.63348784,-0.39261885,"Hatch End",3.08915252092145
"597",51.42847602,-0.45123625,"Heathrow Terminal 4",3.48944085068073
"598",51.52635328,-0.3317682,"Castle Bar Park",0.376285279552685
"599",51.30427695,-0.14354873,"Coulsdon South",1.34044506709992
"600",51.53942228,-0.35603139,"Greenford",0.75848544040257
"601",51.48786487,-0.27818773,"Gunnersbury",0.491864022666451
"602",51.36361887,-0.24725651,"Worcester Park",1.94787433007203
"603",51.59484495,0.11149894,"Hainault",1.49391265794434
"604",51.57431778,-0.24278941,"Hendon",0.702134274546972
"605",51.65018117,-0.26696134,"Edgware",4.036699302855
"606",51.31525525,0.02659053,"New Addington",4.30901396680571
"607",51.47374778,-0.15783578,"Battersea Park",0.781924990135301
"608",51.50610905,0.11850225,"Abbey Wood",1.70852841780344
"609",51.69481018,-0.20495537,"Hadley Wood",3.52887459663016
"610",51.47518155,0.21542735,"Slade Green",1.91219117442002
"611",51.34327586,0.03882853,"Hayes",4.12207595910463
"612",51.39284719,-0.19084551,"St Helier",0.653190916397725
"613",51.62856342,-0.18209437,"Totteridge & Whetstone",0.266804024581709
"614",51.4110413,-0.0561712,"Birkbeck",0.798209883127523
"615",51.45661461,-0.16419843,"Clapham Junction",0.96009356158489
"616",51.356068,-0.08357418,"Lloyd Park",0.933730362533924
"617",51.44043163,-0.31040763,"St Margarets",1.8082394459063
"618",51.38206618,-0.20705825,"St Helier",1.03625350462901
"619",51.65166093,-0.29113711,"Stanmore",3.65116848547033
"620",51.36097282,-0.34421489,"Chessington South",2.62212897457184
"621",51.45369256,0.0920754,"Falconwood",1.11410094189737
"622",51.53929686,-0.20925951,"Brondesbury Park",0.141307486084981
"623",51.57095403,-0.23283633,"Hendon",1.09002185750787
"624",51.43301053,-0.05756602,"Sydenham",0.653633733572803
"625",51.63934615,0.1203442,"Hainault",4.44409679069276
"626",51.47763257,-0.05945773,"Queens Road Peckham",0.400100403688313
"627",51.37297118,-0.0542828,"Coombe Lane",1.51013039273618
"628",51.49126631,-0.4610981,"Heathrow Terminals 123",2.3016708045899
"629",51.5555424,-0.16723535,"Hampstead Heath",0.189400925216347
"630",51.42333478,0.03655517,"Elmstead Woods",0.87627485694789
"631",51.46911195,0.06354345,"Eltham",1.68483087807253
"632",51.58080196,-0.13869129,"Highgate",0.668165507996413
"633",51.52548818,-0.23128374,"Kensal Green",0.721859900204742
"634",51.51406104,-0.44600615,"West Drayton",1.8635954063705
"635",51.6461132,0.11646547,"Hainault",5.05233899982712
"636",51.35969636,-0.04162247,"Gravel Hill",0.582201043139668
"637",51.56122177,0.05845719,"Ilford",0.744850491732502
"638",51.42315284,0.13448654,"Albany Park",1.51402835247897
"639",51.69129826,-0.26409725,"Edgware",8.6030628468815
"640",51.61653212,-0.3594925,"Hatch End",1.00080805121066
"641",51.45910633,0.20790671,"Slade Green",1.5401016240759
"642",51.56732033,-0.42769203,"Ruislip",0.699924528332988
"643",51.65670509,0.12027277,"Hainault",6.25500912289101
"644",51.56305224,-0.00683784,"Leyton",0.547729143898544
"645",51.67836983,-0.28712095,"Stanmore",6.61901755284228
"646",51.55792869,0.03410291,"Wanstead Park",0.866624785595882
"647",51.66742802,-0.05727979,"Turkey Street",0.905178765670613
"648",51.5611051,0.20723558,"Hornchurch",1.10374295144125
"649",51.50623976,0.1217989,"Abbey Wood",1.7217795501708
"650",51.53981264,-0.07254331,"Haggerston",0.24466764421346
"651",51.69666723,-0.21395463,"Hadley Wood",4.0646874983223
"652",51.34473776,0.08019596,"Orpington",3.25886594599192
"653",51.66204732,-0.06864889,"Enfield Town",1.34052431787884
"654",51.3665849,-0.35695963,"Chessington South",3.63360426711456
"655",51.6302653,-0.30233658,"Stanmore",1.17888872398987
"656",51.401479,-0.42848863,"Feltham",5.31952413905467
"657",51.31083555,-0.10064216,"Kenley",1.53107345521198
"658",51.59333741,-0.08343685,"Bruce Grove",0.904735753979144
"659",51.43311072,-0.01463735,"Bellingham",0.408005296209726
"660",51.33304934,-0.07652964,"Sanderstead",2.06809994246828
"661",51.69498654,-0.02225508,"Enfield Lock",2.71726575366135
"662",51.60282478,-0.0079872,"Highams Park",0.820608559444802
"663",51.6323228,-0.04645303,"Ponders End",1.42077257441451
"664",51.57556268,-0.17888585,"Golders Green",1.16238472781258
"665",51.44933154,-0.0941396,"North Dulwich",0.717390625560563
"666",51.38308492,0.00716771,"Hayes",0.843012298477207
"667",51.52136856,-0.09966208,"Barbican",0.186385520149157
"668",51.44516759,0.13718881,"Bexley",0.904784175915628
"669",51.4151539,-0.266993,"New Malden",1.49102116418625
"670",51.51152768,-0.01342003,"All Saints",0.129576032514361
"671",51.59772819,-0.4368752,"Northwood",1.74958270121806
"672",51.71541835,-0.06876612,"Turkey Street",4.98181190518765
"673",51.4816437,-0.19006033,"Fulham Broadway",0.408774697244555
"674",51.50505193,-0.06735011,"Bermondsey",0.815994132893024
"675",51.61393391,-0.25856533,"Mill Hill Broadway",0.635465812556897
"676",51.38198154,-0.1607296,"Hackbridge",0.661005999955834
"677",51.67738099,-0.22479495,"High Barnet",3.55371210555349
"678",51.48802471,0.07724908,"Plumstead",0.527172249776642
"679",51.57046277,-0.3726888,"Rayners Lane",0.560255183802964
"680",51.65782462,-0.10259842,"Gordon Hill",0.844855439161086
"681",51.52486125,-0.42000024,"Hayes & Harlington",2.42578594185616
"682",51.50445667,-0.45172645,"West Drayton",1.54597763950648
"683",51.67667584,-0.27967438,"Stanmore",6.54093845152968
"684",51.51067571,-0.06691452,"Tower Gateway",0.51867101514563
"685",51.47379014,0.20803048,"Slade Green",1.38575951407791
"686",51.62271773,-0.39112445,"Hatch End",2.0863799249526
"687",51.56410854,0.02251809,"Wanstead",1.27572300987806
"688",51.34295038,-0.09352137,"Sanderstead",0.588997753311828
"689",51.60599225,0.13050005,"Hainault",2.53651662785851
"690",51.55106771,-0.40317901,"South Ruislip",0.706161692901187
"691",51.66553895,-0.32864821,"Stanmore",5.39644784459143
"692",51.45967422,-0.19054877,"Wandsworth Town",0.238014993664985
"693",51.51516942,0.0717367,"Gallions Reach",0.682222945398687
"694",51.66287075,0.11273352,"Hainault",6.79699444116601
"695",51.55758021,0.18270982,"Elm Park",1.37732695617975
"696",51.4259272,-0.01411726,"Beckenham Hill",0.218632307729092
"697",51.44997529,-0.21058207,"Southfields",0.630020707557057
"698",51.51879019,0.17290098,"Rainham",1.24251099069479
"699",51.47690133,0.08828751,"Plumstead",1.45959169203802
"700",51.50269312,-0.06934145,"Bermondsey",0.630809897069664
"701",51.57766527,-0.41048084,"Ruislip Manor",0.4959747754945
"702",51.5914519,-0.36100879,"North Harrow",0.766522190587911
"703",51.43808138,0.19812082,"Crayford",1.78889811720417
"704",51.38421989,-0.37195269,"Hampton",3.52041819364037
"705",51.40744141,0.04326904,"Bickley",0.78860809795175
"706",51.53261134,-0.33280705,"Castle Bar Park",1.07552415032497
"707",51.38514179,-0.02054276,"West Wickham",0.596877330222163
"708",51.47399024,-0.04343394,"New Cross Gate",0.30622349106895
"709",51.46569125,-0.4480651,"Heathrow Terminal 4",0.657694031636417
"710",51.58129599,-0.15240077,"Highgate",0.555041600995136
"711",51.46606242,-0.12440215,"Clapham North",0.401326990216471
"712",51.67415127,0.01112081,"Enfield Lock",2.74835282714343
"713",51.6056604,-0.20739359,"Mill Hill East",0.341691326118698
"714",51.68129565,-0.23236172,"High Barnet",4.21702428178564
"715",51.40643789,-0.10696367,"Thornton Heath",0.994442804907572
"716",51.46482453,-0.08182463,"East Dulwich",0.36873557372809
"717",51.69405039,-0.21234954,"Hadley Wood",3.77087033345171
"718",51.62952808,0.0168771,"Chingford",0.654849633151072
"719",51.63042106,0.03929189,"Woodford",2.60690242311613
"720",51.68169963,-0.18546181,"Hadley Wood",1.6007039062117
"721",51.64717876,-0.1319099,"Oakwood",0.0512957116403914
"722",51.53551995,-0.12709223,"St.Pancras",0.563136324221083
"723",51.52445465,-0.23306916,"Kensal Green",0.889261807457312
"724",51.52730109,-0.03037197,"Mile End",0.271739514055465
"725",51.50098549,0.17666373,"Erith",2.15661616164705
"726",51.29864332,-0.07476351,"Kenley",3.42175836783022
"727",51.44701089,0.0150541,"Lee",0.295883515207001
"728",51.40748714,-0.13597799,"Streatham Common",1.27860217757725
"729",51.42884812,-0.00981892,"Beckenham Hill",0.658614812528301
"730",51.32166908,-0.18221893,"Woodmansterne",1.96601477915152
"731",51.6434444,-0.04280702,"Ponders End",0.577948066815034
"732",51.42888456,-0.17124232,"Tooting Broadway",0.271020940509746
"733",51.32700334,-0.11179362,"Purley",1.15881412940356
"734",51.62761055,0.00362083,"Chingford",0.748318960640579
"735",51.58959693,-0.13269691,"Alexandra Palace",1.29675615533886
"736",51.51136787,-0.17595642,"Lancaster Gate",0.0691690105021915
"737",51.46084148,-0.26079694,"Mortlake",0.927230629720573
"738",51.51834755,-0.15777545,"Marble Arch",0.490250999222943
"739",51.46038135,-0.40319569,"Feltham",1.46377317069123
"740",51.62536691,-0.39659905,"Northwood Hills",2.86868599416654
"741",51.40662261,-0.03240461,"Beckenham Junction",0.669110108349742
"742",51.69956436,-0.12641658,"Crews Hill",2.15362909560343
"743",51.45034879,0.12522205,"Albany Park",1.61829051938538
"744",51.41958978,0.11059056,"Sidcup",1.72187810550512
"745",51.47713143,0.13028299,"Bexleyheath",1.52532640149504
"746",51.71068037,-0.11669284,"Crews Hill",2.99218498977725
"747",51.34140643,-0.29205018,"Chessington South",1.99560252690019
"748",51.3944861,-0.24938501,"Motspur Park",0.697187852396063
"749",51.52341278,0.1173134,"Becontree",1.91655532831247
"750",51.35810277,-0.29669007,"Chessington North",0.731310316965925
"751",51.50096276,-0.42230044,"Hayes & Harlington",0.259287008569298
"752",51.44943057,0.0501166,"Eltham",0.709903602498872
"753",51.43460159,0.08132939,"New Eltham",0.828104349976122
"754",51.53298447,-0.27591749,"Park Royal",0.924691992143871
"755",51.67594576,-0.15044726,"Cockfosters",2.66018869648281
"756",51.52116589,-0.02468833,"Bow Road",0.653803577569181
"757",51.41527455,0.06699531,"Chislehurst",1.26126142532279
"758",51.40976254,-0.00871698,"Ravensbourne",0.47340516726344
"759",51.37217554,0.03279265,"Hayes",1.62031019153686
"760",51.56553933,-0.01958575,"Leyton Midland Road",0.903553409477911
"761",51.38694608,-0.13037526,"Therapia Lane",0.169438546931756
"762",51.67447056,0.05810294,"Chingford",5.67751218291232
"763",51.41246195,-0.33518969,"Teddington",1.34946666934686
"764",51.38964869,-0.21768293,"South Merton",1.73042504043815
"765",51.59136559,-0.43253854,"Northwood",2.28761625888858
"766",51.60419843,-0.40569322,"Northwood Hills",0.452237282367631
"767",51.33049968,-0.01220612,"New Addington",1.39145603621263
"768",51.60013468,-0.27835502,"Queensbury",0.886400230864588
"769",51.32924191,-0.29230519,"Chessington South",3.2214188820364
"770",51.57858923,-0.01874574,"Walthamstow Central",0.499177823273569
"771",51.41683585,0.10635546,"Sidcup",1.96410683784333
"772",51.41516448,0.13326568,"Albany Park",2.34429211252609
"773",51.39171723,-0.05653884,"Arena",0.124382161352501
"774",51.45266075,-0.4550633,"Heathrow Terminal 4",0.941257315839263
"775",51.56230136,-0.45068512,"Hillingdon",0.949420590658353
"776",51.42042189,-0.24768404,"New Malden",1.96628837652836
"777",51.44131904,-0.35325548,"Fulwell",0.862143381357033
"778",51.34787316,-0.3397655,"Chessington South",2.47349045460363
"779",51.49768727,0.01275177,"North Greenwich",0.694837914947467
"780",51.61176921,-0.00652669,"Highams Park",0.582848934090962
"781",51.47113407,0.14761388,"Barnehurst",1.16366622478727
"782",51.37783328,-0.23657976,"Worcester Park",0.721693982677162
"783",51.5974465,-0.30636835,"Canons Park",1.4047345358009
"784",51.49530506,0.1674913,"Erith",1.5896236620333
"785",51.66034764,-0.0474797,"Turkey Street",1.36848902223059
"786",51.4131719,-0.40168468,"Hampton",2.07224526964422
"787",51.43510272,-0.14823347,"Balham",0.949625255348588
"788",51.4461314,0.11572717,"Albany Park",1.36712698807521
"789",51.55727202,-0.41232774,"Ruislip Gardens",0.365720527911605
"790",51.59682444,-0.43747438,"Northwood",1.85710729194626
"791",51.49448267,-0.42735259,"Hayes & Harlington",1.06021679722103
"792",51.32939078,-0.11794734,"Reedham",0.441487231382862
"793",51.42515283,-0.12880304,"Streatham",0.255143763426481
"794",51.34466015,-0.19472305,"Belmont",0.335468533887217
"795",51.62554735,-0.20391979,"Mill Hill East",1.95967625833995
"796",51.43886213,-0.04253737,"Forest Hill",0.748614129612697
"797",51.54955187,-0.01326014,"Stratford International",0.61224765696687
"798",51.36759159,-0.04802857,"Coombe Lane",1.17851158413562
"799",51.5691496,0.20019661,"Gidea Park",1.46958130357823
"800",51.47818404,-0.02393114,"Deptford",0.17452846271129
"801",51.67761749,-0.13652243,"Cockfosters",2.99168995938865
"802",51.50542597,-0.38770582,"Southall",0.626321034753906
"803",51.47423074,0.11052622,"Welling",1.21295104689952
"804",51.31796786,-0.28801235,"Chessington South",4.50628159735376
"805",51.34367792,-0.27856883,"Chessington North",2.74602845698202
"806",51.61740032,-0.21175531,"Mill Hill East",1.01831091894733
"807",51.56471616,-0.02815401,"St James Street",1.79597724653154
"808",51.44507347,-0.24066825,"Barnes",2.45411414433293
"809",51.67540392,-0.31133164,"Stanmore",6.22300961414995
"810",51.31293312,-0.21898469,"Banstead",1.86427577200877
"811",51.64996098,0.13194985,"Hainault",5.85365961747515
"812",51.30296786,-0.22710085,"Banstead",3.08433482123916
"813",51.33039,-0.25486238,"Banstead",2.90290549422624
"814",51.51586967,-0.14822211,"Bond Street",0.24933778431944
"815",51.60309395,0.05359525,"Woodford",1.42365004189059
"816",51.66028968,-0.34254063,"Stanmore",5.27356369276581
"817",51.63642094,-0.05302079,"Southbury",1.33576625789997
"818",51.59023675,-0.38803779,"Pinner",0.527589690297951
"819",51.31807561,-0.00127214,"New Addington",2.9464329950815
"820",51.59655183,-0.25009435,"Colindale",0.147438009125851
"821",51.45790867,-0.12284298,"Brixton",0.78695883721698
"822",51.50031211,0.0594703,"King George V",0.268006530951299
"823",51.48477564,0.1771665,"Erith",0.401306645632258
"824",51.57793992,-0.05111486,"Tottenham Hale",1.28161013906331
"825",51.49257905,-0.42572184,"Hayes & Harlington",1.21645727790652
"826",51.60999052,-0.27784912,"Edgware",0.508695307756166
"827",51.34902789,-0.05912722,"Coombe Lane",1.19692241512521
"828",51.51715717,-0.01203555,"Langdon Park",0.291189293491027
"829",51.44962742,0.18302914,"Crayford",0.334970259978353
"830",51.52258243,-0.02833448,"Mile End",0.425748808571901
"831",51.63795789,-0.37312058,"Hatch End",3.13974059360727
"832",51.34029691,-0.01682633,"New Addington",0.257807029769947
"833",51.47727138,0.08453679,"Plumstead",1.39236086692822
"834",51.40383852,-0.01835839,"Beckenham Junction",0.939280762289067
"835",51.5447946,0.12608119,"Becontree",0.581963162340578
"836",51.55938427,0.08945584,"Seven Kings",0.699090974453751
"837",51.36909095,-0.078361,"Lloyd Park",0.560175732773881
"838",51.45128544,-0.06266284,"Forest Hill",1.48103066227898
"839",51.42690118,-0.09718489,"West Norwood",0.63665492875072
"840",51.38236318,-0.14252017,"Beddington Lane",0.765150129797572
"841",51.44872611,-0.19078616,"Earlsfield",0.76165999918032
"842",51.42786441,-0.04308982,"Lower Sydenham",0.756165808948725
"843",51.55043623,-0.00228453,"Stratford International",0.769631776928145
"844",51.54049628,-0.41155658,"Ruislip Gardens",2.17001068525571
"845",51.45340666,-0.36880316,"Hounslow",1.12255636934296
"846",51.52685923,-0.27372028,"Park Royal",0.77441803285752
"847",51.42451529,-0.3299369,"Teddington",0.190962908763578
"848",51.49539576,-0.2249043,"Hammersmith (H&C)",0.213519586649522
"849",51.39707032,-0.20845604,"South Merton",0.715382173344822
"850",51.55037397,0.0517055,"Manor Park",0.496280981386604
"851",51.4695502,0.08043726,"Falconwood",1.17111333816385
"852",51.65856069,-0.2150639,"High Barnet",1.63256645662506
"853",51.59828821,9.531e-05,"Highams Park",1.11958592685454
"854",51.37678727,0.09683638,"Orpington",0.651598520902523
"855",51.66036871,0.09936531,"Hainault",6.40653545896233
"856",51.37027826,-0.23971268,"Worcester Park",1.27041980174727
"857",51.38970656,0.00244313,"Shortlands",1.76768923812132
"858",51.43885862,-0.39497566,"Feltham",1.43636150648985
"859",51.6772797,-0.06611808,"Turkey Street",1.40124844131122
"860",51.66703862,-0.3279188,"Stanmore",5.53852289900192
"861",51.44527219,0.01104662,"Lee",0.492764033790248
"862",51.37117995,-0.31830709,"Chessington South",1.78855146893049
"863",51.41526472,-0.10350717,"West Norwood",1.77664500681851
"864",51.66504414,-0.23869322,"High Barnet",3.41260447185268
"865",51.33446599,-0.17151133,"Carshalton Beeches",2.5525789532564
"866",51.29112248,-0.11743514,"Coulsdon South",3.09063406808097
"867",51.63849481,-0.22146095,"High Barnet",2.38812573501162
"868",51.37216789,-0.26370635,"Malden Manor",1.39517335675293
"869",51.66475519,-0.0488291,"Turkey Street",0.885292470927523
"870",51.47235343,-0.01899376,"Deptford Bridge",0.31654834557298
"871",51.53936992,-0.08771417,"Essex Road",0.613625735092943
"872",51.37286985,0.05486697,"Petts Wood",2.2168700570218
"873",51.51848281,0.18946791,"Rainham",0.153223944879404
"874",51.3437098,-0.03971367,"Gravel Hill",1.22746580116135
"875",51.4253316,0.06741557,"New Eltham",1.39036516483299
"876",51.43040667,-0.40123052,"Feltham",2.03183169153149
"877",51.65627887,-0.22163581,"High Barnet",1.96358989258412
"878",51.59541483,-0.32943261,"Harrow & Wealdstone",0.456657179675674
"879",51.40763761,-0.27062524,"Berrylands",1.19317135516624
"880",51.52300202,-0.09902111,"Barbican",0.32292969113732
"881",51.30678098,-0.15067015,"Woodmansterne",1.38329412693018
"882",51.37598433,0.05679054,"Petts Wood",1.86468822167593
"883",51.49447796,0.15932798,"Belvedere",0.576589638197689
"884",51.40086057,-0.10013171,"Thornton Heath",0.265334600426273
"885",51.6085778,-0.32094862,"Harrow & Wealdstone",2.00027501788778
"886",51.71805742,-0.12359058,"Crews Hill",3.90879882618576
"887",51.48534763,-0.27923909,"Gunnersbury",0.777884519442393
"888",51.6535238,-0.20585946,"High Barnet",0.83314028082657
"889",51.62775934,0.03545672,"Woodford",2.28789202783566
"890",51.50784214,-0.08459534,"Monument",0.328727409504467
"891",51.56086757,-0.220666,"Cricklewood",0.624478073096837
"892",51.31553778,-0.24284119,"Banstead",2.57013292068563
"893",51.50037351,-0.1085726,"Lambeth North",0.260024121844201
"894",51.41073864,-0.08198476,"Crystal Palace",1.05219751067668
"895",51.48172253,-0.30123276,"Brentford",0.868477430976347
"896",51.40854978,-0.0001103,"Shortlands",0.384259954228537
"897",51.58194951,0.10104807,"Newbury Park",1.02092091235548
"898",51.65916325,-0.13546402,"Oakwood",1.30572296741791
"899",51.37023596,0.03644515,"Hayes",1.92452879252705
"900",51.65247084,0.0169951,"Chingford",2.19811496621449
"901",51.44537832,0.10170912,"Sidcup",1.22606289208115
"902",51.49394867,-0.26541704,"Chiswick Park",0.166364130714522
"903",51.54556424,-0.44961949,"Hillingdon",0.913463225524399
"904",51.53662615,-0.46416294,"Uxbridge",1.41182484596387
"905",51.4900567,-0.13464457,"Pimlico",0.121102329979713
"906",51.51736375,0.00438324,"Star Lane",0.360537181854622
"907",51.46278259,-0.13236937,"Clapham High Street",0.298826378743778
"908",51.54440358,-0.39463191,"South Ruislip",1.42244291681068
"909",51.70604842,-0.03296047,"Enfield Lock",3.92704976273428
"910",51.32260104,-0.20458499,"Banstead",0.951457120569772
"911",51.36131098,0.08328651,"Orpington",1.41518626729773
"912",51.3323722,-0.2303292,"Banstead",1.24383402928359
"913",51.40318183,-0.36062326,"Hampton",1.62156222771412
"914",51.64824007,-0.21590072,"High Barnet",1.54878301265915
"915",51.66792947,-0.23145631,"High Barnet",3.14371304059888
"916",51.42654106,-0.12018756,"Streatham",0.844103496945061
"917",51.35755485,-0.1721246,"Carshalton Beeches",0.184444150993484
"918",51.55036148,-0.428337,"Ickenham",1.47990396885643
"919",51.43275791,-0.01880166,"Bellingham",0.165492863767886
"920",51.49106203,0.02210446,"Westcombe Park",0.788319889271573
"921",51.37077843,0.01332379,"Hayes",0.593539163483928
"922",51.66239435,-0.13556257,"Oakwood",1.6608175005772
"923",51.64974601,-0.17984919,"New Barnet",0.494277685075519
"924",51.5716111,0.13496191,"Chadwell Heath",0.575939834188328
"925",51.45006826,0.03937143,"Eltham",1.09310750274105
"926",51.6910984,-0.01854879,"Enfield Lock",2.35167956909196
"927",51.62681906,0.14781114,"Hainault",4.56593160560264
"928",51.69078194,-0.11446404,"Crews Hill",0.876840373509785
"929",51.59574149,0.18154442,"Romford",2.34856970964703
"930",51.59275409,-0.27711437,"Kingsbury",0.881832226498817
"931",51.31017967,-0.05555276,"Gravel Hill",5.00820894190127
"932",51.39532274,-0.13240376,"Therapia Lane",1.0972551693176
"933",51.48187048,-0.03835919,"New Cross Gate",0.738849318774366
"934",51.44168953,-0.3676047,"Whitton",1.11609326903162
"935",51.37427199,-0.36275323,"Hampton",4.67198157683881
"936",51.67127981,0.08416535,"Hainault",7.64053500563363
"937",51.45045294,0.13211108,"Bexleyheath",1.45896040673181
"938",51.66100305,-0.11080484,"Gordon Hill",1.16118871384824
"939",51.51001067,-0.17826322,"Lancaster Gate",0.287317532342517
"940",51.65944806,0.03500549,"Chingford",3.40204700444884
"941",51.70838865,-0.17747507,"Hadley Wood",4.44665427491306
"942",51.68040304,0.05440381,"Chingford",6.08847652575792
"943",51.62904013,-0.04275849,"Ponders End",1.62525944482762
"944",51.42081593,-0.39500097,"Hampton",1.67887065784782
"945",51.63618526,-0.1364784,"Southgate",0.736102918823979
"946",51.56410064,-0.38127058,"Rayners Lane",1.44120079326077
"947",51.4160681,0.15992242,"Bexley",2.86882317532656
"948",51.3696969,0.02845762,"Hayes",1.43691712678003
"949",51.46182296,0.06345926,"Eltham",1.0307137505946
"950",51.53366456,0.15242727,"Dagenham Heathway",0.900800290887017
"951",51.46530223,0.00052089,"Blackheath",0.542542505916038
"952",51.41631099,-0.21060844,"Dundonald Road",0.246374402212005
"953",51.64350925,0.01616115,"Chingford",1.22882302672676
"954",51.58773258,-0.17670948,"East Finchley",0.828863678216124
"955",51.53277003,-0.17308032,"St. Johns Wood",0.24129273952058
"956",51.60563509,-0.19837893,"Finchley Central",0.635974289819431
"957",51.67582351,-0.09775354,"Crews Hill",1.14758404316736
"958",51.4736218,-0.4197311,"Feltham",2.9438079633601
"959",51.68970262,0.02817193,"Chingford",6.40723516140475
"960",51.57382283,-0.17642085,"Hampstead",1.92457042640934
"961",51.3314743,-0.09682752,"Riddlesdown",0.227514635772348
"962",51.50319097,-0.13044862,"St. James's Park",0.463107306723275
"963",51.29759191,-0.20844198,"Banstead",3.53996724708139
"964",51.5212411,-0.39861165,"Southall",2.18804444936434
"965",51.66935685,-0.01115621,"Enfield Lock",1.19904064998185
"966",51.58720086,-0.2955572,"Queensbury",0.979562854079603
"967",51.35366279,0.11608854,"Chelsfield",0.57104593834933
"968",51.40421878,-0.0708707,"Norwood Junction",0.861685498535697
"969",51.43210585,-0.39723035,"Feltham",1.958693317868
"970",51.48506823,-0.37536825,"Hounslow West",1.51016749980207
"971",51.37575233,-0.01634938,"West Wickham",0.62750108980206
"972",51.37208986,-0.03077536,"Addington Village",1.76738279414249
"973",51.54064045,-0.22035375,"Kensal Rise",0.715153379180213
"974",51.52098471,0.16010516,"Dagenham Dock",1.19716122313772
"975",51.50512361,-0.07949674,"Tower Hill",0.617495015968613
"976",51.40950227,0.14003169,"Albany Park",3.07353297039287
"977",51.51225585,0.01051349,"Canning Town",0.235087162193798
"978",51.40185168,-0.25669348,"New Malden",0.192525913141818
"979",51.55944126,-0.15960444,"Hampstead Heath",0.582580248993595
"980",51.3387403,-0.1236137,"Reedham",0.811715301547479
"981",51.66520129,-0.33245095,"Stanmore",5.45295457874058
"982",51.69115988,-0.28555486,"Stanmore",8.04038512655663
"983",51.53040096,-0.35536271,"Greenford",1.44546336062325
"984",51.46583193,-0.1540564,"Queenstown Road",1.116417163353
"985",51.64903177,-0.05787409,"Southbury",0.344904478016038
"986",51.45706372,-0.01284239,"Ladywell",0.453061850291731
"987",51.3217148,-0.04772,"Gravel Hill",3.66439437858638
"988",51.34352969,-0.27444546,"Chessington North",2.92727714028541
"989",51.53726097,-0.02991938,"Hackney Wick",0.771261374208157
"990",51.59326018,0.18282606,"Romford",2.07036353882969
"991",51.36198982,-0.23975787,"Worcester Park",2.16329235562019
"992",51.47960146,-0.00303,"Maze Hill",0.575531862061622
"993",51.60749205,0.1167947,"Hainault",1.64877503327881
"994",51.48494792,-0.34860892,"Osterley",0.479531904031524
"995",51.57671584,-0.33202065,"Harrow-on-the-Hill",0.453956609000537
"996",51.59159342,0.11973138,"Chadwell Heath",2.6940700566671
"997",51.58965722,-0.34235201,"Harrow & Wealdstone",0.648739983705177
"998",51.50711208,-0.38369008,"Southall",0.368686017925775
"999",51.58911132,-0.04478517,"Blackhorse Road",0.515038412410242
"1000",51.41511502,-0.35594125,"Hampton",1.1252529347838
